name,address,gps_lat,gps_lng,town_name,type
"Aire de covoiturage de Intermarché. Cap Ouest","Parc d'activé Cap Ouest. 56350 Allaire",47.633338,-2.176899,Allaire,"Aire de covoiturage"
"Aire de covoiturage de Sainte Julitte","E60. 56190 Muzillac",47.584446,-2.545577,Ambon,"Aire de covoiturage"
Eglise,"Arbrissel - parking de l'église",47.9276331656866,-1.30347200045056,Arbrissel,"Aire de covoiturage"
"Aire de covoiturage de Botquelen","28 Route de Parc Botquelen. 56610 Arradon",47.64101,-2.818309,Arradon,"Aire de covoiturage"
"Aire de covoiturage de La Corne du Cerf","D139. 56190 Arzal",47.53387,-2.390261,Arzal,"Aire de covoiturage"
"Parking Rue Leen Vihan (En Face de La Maison du Port)","Le Crouesty. 56640 Arzon",47.545612,-2.88907,Arzon,"Aire de covoiturage"
"Rond Point de Baden","Rue de l'éle Réno. 56870 Baden",47.621141,-2.906745,Baden,"Aire de covoiturage"
"Croix Blanche","La Croix Blanche",47.8537137505543,-1.68010291421574,Bain-De-Bretagne,"Aire de covoiturage"
"ZA Chateaugaillard","Rue de la Seine",47.8518850842921,-1.69132066632774,Bain-De-Bretagne,"Aire de covoiturage"
"Les Landes",D60xD177,47.6903561648678,-2.05742805316211,Bains-Sur-Oust,"Aire de covoiturage"
"Rue du stade","Rue du stade",47.7053057781406,-2.06984072116574,Bains-Sur-Oust,"Aire de covoiturage"
"Rue des lilas","Rue des lilas",48.1669917471799,-1.18795300599971,Balazé,"Aire de covoiturage"
"Pont de Baud","Pont de Baud. 56150 Baud",47.864843,-3.017616,Baud,"Aire de covoiturage"
"Aire de covoiturage de Kermestre","Z.A. le dresséve. 56150 Baud",47.89663,-3.010244,Baud,"Aire de covoiturage"
"Aire de covoiturage Lenn Veur","180 Rue Jean Marie Carer. 29300 Baye",47.85639796,-3.605252657,Baye,"Aire de covoiturage"
"Parking salle de sport","Rue de la Vallée",48.4270692733778,-1.57217338758439,Bazouge-La-Pérouse,"Aire de covoiturage"
"Mairie de Bécherel",Mairie,48.29712467,-1.945848333,Bécherel,Parking
Intercommunale,"Rennes Métropole",48.2968974918323,-1.94630004256493,Bécherel,"Aire de covoiturage"
"Aire de covoiturage de Poulhibet",,47.94957,-3.384107,Berne,"Aire de covoiturage"
"La Haute Plesse","La Haute Plesse",48.1799018316766,-1.62705866596866,Betton,"Aire de covoiturage"
"Aire de covoiturage L'Orme","Rue de l'Orme - RD 786",48.59408176,-2.826562375,Binic-Étables-Sur-Mer,"Aire de covoiturage"
"Aire de covoiturage de Bel Orient","Parc de Bel Orient. 56140 Bohal",47.781561,-2.455255,Bohal,"Aire de covoiturage"
"Rond Point de Bel Air","RD48 Rd Point de Bel Air",47.9294120395669,-1.674877660059,Bourg-Des-Comptes,"Aire de covoiturage"
"Aire de covoiturage de Boul Sapin","ZA de la Gare. 56700 BranDérion",47.782196,-3.197375,Branderion,"Aire de covoiturage"
"Les 4 routes","Les 4 routes",48.061167083203,-1.87775133236815,Bréal-Sous-Montfort,"Aire de covoiturage"
"Breal sous Vitré","Route des Lagunes",48.0992454216502,-1.06854432808248,Breal-Sous-Vitre,"Aire de covoiturage"
"Aire de covoiturage de Kérisan","E60. 56400 Brech",47.683491,-3.022979,Brech,"Aire de covoiturage"
"Aire de covoiturage Kerlez","1451 Z I N 2 des Pays Bas. 29510 Briec",48.10050821,-4.029732128,Briec,"Aire de covoiturage"
"Aire de covoiturage Le Chalet","Parking Intermarché",48.3223247,-2.251687902,Broons,"Aire de covoiturage"
"La Louvière","La Louvière",48.0264241458626,-1.76733307426994,Bruz,"Aire de covoiturage"
"Aire de covoiturage Kerguiniou","Giratoire RD 787 - RD 28",48.40856996,-3.405110898,Callac,"Aire de covoiturage"
"Aire de covoiturage de Les Vieilles Roches","227 La Perriére. 56130 Camoél",47.483215,-2.385391,Camoel,"Aire de covoiturage"
"Aire de covoiturage de Le Linvo","D134. 56800 Campénéac",47.940217,-2.285434,Campeneac,"Aire de covoiturage"
"Aire de covoiturage Kerjeanne","Kerjeanne. 29660 Carantec",48.65176241,-3.923494193,Carantec,"Aire de covoiturage"
"Aire de covoiturage La Villeneuve","Parc d'Activités de la Villeneuve. Rue Général Jacques de la Bollardiére. 29270 Carhaix-Plouguer",48.27557053,-3.539572584,Carhaix-Plouguer,"Aire de covoiturage"
"Aire de covoiturage de Le Purgatoire","Crucuny. 56340 Carnac",47.621582,-3.073447,Carnac,"Aire de covoiturage"
"Aire de covoiturage de Kercado","D769. 56850 Caudan",47.816587,-3.333067,Carnac,"Aire de covoiturage"
"Aire de covoiturage de Kergroix","Kergroix. 56340 Carnac",47.638065,-3.048336,Carnac,"Aire de covoiturage"
"Aire de covoiturage de Le Grand Village","Le Cormier. 56140 Caro",47.866941,-2.336722,Caro,"Aire de covoiturage"
"Aire de covoiturage Poul Ar Saf","27 Rue Poul ar Saf. 29150 Cast",48.15031019,-4.14528471,Cast,"Aire de covoiturage"
"Aire de covoiturage de Lann","1062 Rue Jean Baptiste Martenot. 56850 Caudan",47.784757,-3.348774,Caudan,"Aire de covoiturage"
"Aire de covoiturage La Croix Guessant","échangeur RD 766 - RD 39",48.32844373,-2.117087738,Caulnes,"Aire de covoiturage"
"Aire de covoiturage Breizh-Izel","RD33 - RD33A",48.66289974,-3.337959874,Cavan,"Aire de covoiturage"
"Porte de La Rigourdiére","La Rigourdiére",48.11653451,-1.575827917,Cesson-Sévigné,Parking
Vaux,"Porte des Longchamps",48.1400369522069,-1.62801740990287,Cesson-Sévigné,"Aire de covoiturage"
Fontenay,"Rond point pôle sud",48.0431334967068,-1.69539899908647,Chartres-De-Bretagne,"Aire de covoiturage"
"Ruisseau de l'Illet","D97 sortie de bourg",48.2430930396079,-1.560318985275,Chasné-Sur-Illet,"Aire de covoiturage"
"Ruisseau de l'Illet","D97 sortie de bourg",48.2430930396079,-1.560318985275,Chasné-Sur-Illet,"Aire de covoiturage"
"La Goulgatière","Allée du vent d'Autan",48.1044908589803,-1.41020880689733,Châteaubourg,"Aire de covoiturage"
"Parking de l'étang 1","Boulevard du château",48.0502730873843,-1.49922800136314,Chateaugiron,"Aire de covoiturage"
"La Cigogne","Châteaugiron - Bel Air",48.0379255014265,-1.48999599958178,Chateaugiron,"Aire de covoiturage"
Univer,"Route de Vern-sur-Seiche",48.0426993324452,-1.51755167793159,Chateaugiron,"Aire de covoiturage"
"Parking de l'étang 2",,48.049716919548,-1.50109396776481,Chateaugiron,"Aire de covoiturage"
"Aire de covoiturage Le Pouillot","Kroas Hent. 29150 Chateaulin",48.21589432,-4.050687921,Chateaulin,"Aire de covoiturage"
"Aire de covoiturage Kroas Lesneven","78 ZI de Kroaz Lesneven. 29520 Chéteauneuf-du-Faou",48.20233433,-3.822061995,Chateauneuf-Du-Faou,"Aire de covoiturage"
"Echangeur N24","Echangeur N24 (D334xD288)",48.0772300087276,-1.79409072545584,Chavagne,"Aire de covoiturage"
"Parking Salle des Fétes","3 Rue des Cerisiers. 56480 Cléguérec",48.125051,-3.073162,Cleguerec,Parking
"Aire de covoiturage Prat Ar C'Heff","2 Rue de Cornouaille. 29870 Coat-Méal",48.50609265,-4.545870784,"Coat Meal","Aire de covoiturage"
L'Angevine,RD795,48.4040035454711,-1.75304067563182,Combourg,"Aire de covoiturage"
"Aire de covoiturage Ti Robin","D144. 29120 Combrit",47.90848155,-4.191780041,Combrit,"Aire de covoiturage"
"Aire de covoiturage La Boissiére - Coat Conq","Rue de la Forge. 29900 Concarneau",47.92190062,-3.901725832,Concarneau,"Aire de covoiturage"
"Mairie de Confort-Meilars","97 Rue Pen ar Bed. 29790 Confort-Meilars",48.05100334,-4.426988664,Confort-Meilars,Parking
"Aire de covoiturage Ster Goz","18 Rue de Quimper. 29370 Coray",48.05859023,-3.833272568,Coray,"Aire de covoiturage"
"La Lande du feu","La Lande du feu",47.9773812706605,-1.56062840030398,Corps-Nuds,"Aire de covoiturage"
"Aire de covoiturage L'Hétellerie","RD 794",48.47933323,-2.15879366,Corseul,"Aire de covoiturage"
"Aire de covoiturage de Toul Garros","38 Rue de Bretagne. 56950 Crac'h",47.667165,-3.016363,Crach,"Aire de covoiturage"
"Aire de covoiturage de Toul Garros Sud","D768. 56950 Crac'h",47.659903,-3.015885,Crach,"Aire de covoiturage"
"Parking Intermarché","Kerdreven. 56950 Crac'h",47.604518,-2.995739,Crach,Supermarché
"Aire de covoiturage de Poulben","Sclegen. 56950 Crac'h",47.649169,-2.985122,Crach,"Aire de covoiturage"
"Rue Bernard Picoult","Rue Bernard Picoult",47.9374553014561,-1.66636511370342,Crevin,"Aire de covoiturage"
"Aire de covoiturage Tal Ar Groas","1 Route de l'Aber. 29160 Crozon",48.24805282,-4.418959835,Crozon,"Aire de covoiturage"
"Aire de covoiturage Moulin des Salles","31 Route de Brest. 29460 Daoulas",48.36654658,-4.257678045,Daoulas,"Aire de covoiturage"
"Rue des Elfes","Rue des Elfes",48.6201650826191,-2.05993700011187,Dinard,"Aire de covoiturage"
DOL-DE-BRETAGNE,"Avenue de la Baie",48.5495118581635,-1.72571389997891,Dol-De-Bretagne,"Aire de covoiturage"
"Rue des Genêts","Rue des Genêts",47.9981107006928,-1.23679611672537,Domalain,"Aire de covoiturage"
"Le Giffart","Impasse du Giffard",48.0572010897975,-1.52604110220217,Domloup,"Aire de covoiturage"
"Aire de covoiturage de Domloup","Route de Vern-sur-Seiche",48.04113105,-1.519964825,Domloup,"Aire de covoiturage"
"Salle des fêtes",,48.1940040578812,-1.36891988446051,Dourdain,"Aire de covoiturage"
"Salle des fêtes",,48.1940040578812,-1.36891988446051,Dourdain,"Aire de covoiturage"
"Aire de covoiturage de Lamboux","D183. 56250 Elven",47.724598,-2.585174,Elven,"Aire de covoiturage"
"Aire de covoiturage de Kerchoux","Kerchoux. 56250 Elven",47.753053,-2.551228,Elven,"Aire de covoiturage"
"Aire de covoiturage de Le Penrho","Morigo. 56250 Treffléan",47.691595,-2.5755,Elven,"Aire de covoiturage"
"La Lande","Echangeur D111 - N157",48.0893385491454,-1.10814497866262,Erbrée,"Aire de covoiturage"
"Salle de sport","Rue de la croix de l'écu",48.2524607506157,-1.51183166727924,Ercé-Près-Liffré,"Aire de covoiturage"
"Salle de sport","Rue de la croix de l'écu",48.2524607506157,-1.51183166727924,Ercé-Près-Liffré,"Aire de covoiturage"
Piquet,Piquet,48.0728344155929,-1.19945799515191,Étrelles,"Aire de covoiturage"
Cimetiere,"1 Bellevue",48.244639,48.244639,Gosné,"Aire de covoiturage"
"Aire de covoiturage Le Carpont","5 Rue de Kerdidrun. 29850 Gouesnou",48.44688675,-4.461762586,Gouesnou,"Aire de covoiturage"
"Place du Général de Gaulle","10 Impasse Bob Gestin. 56110 Gourin",48.142491,-3.599405,Gourin,Parking
"Aire de covoiturage de Kerbos","678 Fretezach. 56110 Gourin",48.141134,-3.629214,Gourin,"Aire de covoiturage"
"La Corbière",35123,48.0239960930731,-1.78222536809566,Goven,"Aire de covoiturage"
"Parking La Corbiére","La Corbiére",48.02398167,-1.782343333,Goven,Parking
"Les Terres","Les Terres",47.9906394754271,-1.8129657980926,Goven,"Aire de covoiturage"
"La Lizardais","PA La Lizardais",47.7190667511303,-1.73339499898347,Grand-Fougeray,"Aire de covoiturage"
"Les 4 routes","ZA Les 4 routes",47.7445044169381,-1.71728666558017,Grand-Fougeray,"Aire de covoiturage"
"Aire de covoiturage de Val Coric","331 La Bonde. 56380 Guer",47.929709,-2.12752,Guer,"Aire de covoiturage"
"La Courtinais","La Courtinais",47.9741404809188,-1.81483653236647,Guichen,"Aire de covoiturage"
"Giratoire de la Taupinais","La Taupinais D38",47.9845656875714,-1.82984274075324,Guichen,"Aire de covoiturage"
"Les Landes","Les Landes",47.9593295529337,-1.81115838112248,Guichen,"Aire de covoiturage"
Cimetière,"Rue de Redon",47.9971983437279,-1.77613135348884,Guichen,"Aire de covoiturage"
"Aire de covoiturage Kermat","Route de Kermat. 29410 Guiclan",48.52088518,-3.989414044,Guiclan,"Aire de covoiturage"
"Aire de covoiturage de L'Estran","9 Place de l'Arbre d'Or. 56520 Guidel",47.799319,-3.487474,Guidel,"Aire de covoiturage"
"Aire de covoiturage de Pen Mané","Zone Artisanale de Pen Mané. 56520 Guidel",47.80617,-3.460196,Guidel,"Aire de covoiturage"
"La Courtinière",,47.9211544572429,-1.85380369245236,Guignen,"Aire de covoiturage"
"Aire de covoiturage Ty Colo","29820. D67. Guilers",48.4284774,-4.598634806,Guilers,"Aire de covoiturage"
"Aire de covoiturage de La Belle Allouette","D123. 56800 Guillac",47.93754,-2.499134,Guillac,"Aire de covoiturage"
"Aire de covoiturage de La Pyramide","N24. 56800 Guillac",47.935731,-2.483644,Guillac,"Aire de covoiturage"
"Aire de covoiturage Guimiliau centre","11 rue du Calvaire. 29400 Guimiliau",48.487612,-4.000509,Guimiliau,"Aire de covoiturage"
"Aire de covoiturage Froutven","105 Rue Pierre Jakez Helias. 29490 Guipavas",48.4172813,-4.43966825,Guipavas,"Aire de covoiturage"
"Aire de covoiturage Penn Ar Forest","penn ar forest",48.4567755,-4.363309449,Guipavas,"Aire de covoiturage"
"La Plousière","La Plousière",48.3109359596511,-1.7183898452883,Guipel,"Aire de covoiturage"
"Rue de Rennes","Rue de Rennes",48.2943843610028,-1.72057523779305,Guipel,"Aire de covoiturage"
"Z.I Courbouton","Z.I Coubouton",47.8361577552141,-1.90697156369629,Guipry-Messac,"Aire de covoiturage"
"Aire de covoiturage Botcabeur","Route de Botcabeur. 29460 Hanvec",48.33213615,-4.155742952,Hanvec,"Aire de covoiturage"
"Aire de covoiturage Pont de La Corde","14 Rue Jacques Guéguen. 29670 Henvic",48.64531888,-3.947920847,Henvic,"Aire de covoiturage"
"Aire de covoiturage Saint René","échangeur de Saint René RD 786 - RN 12",48.48046202,-2.645109417,Hillion,"Aire de covoiturage"
Cimetière,D155,48.6064472879447,-1.79802972162714,Hirel,"Aire de covoiturage"
"Aire de covoiturage Menez Bras","D14. 29690 Plouyé",48.34839447,-3.750106041,Huelgoat,"Aire de covoiturage"
"Les 4 routes","Les 4 routes",48.091902811892,-1.99768638870184,Iffendic,"Aire de covoiturage"
"Rue du lavoir","Rue du lavoir",48.2499584972596,-1.9509383336427,Irodouër,"Aire de covoiturage"
"Aire de covoiturage Janzé Nord","Le Hardier",47.971483,-1.537484,Janzé,"Aire de covoiturage"
"Le Hardier","ZA le bois du teillay",47.9715840022118,-1.53536158800324,Janzé,"Aire de covoiturage"
"L'Aubinière Janzé Nord","Rue Jean-Marie Lacire",47.967827819154,-1.48840769717552,Janzé,"Aire de covoiturage"
"Champs-Blancs Janzé Est","sortie D41 Rd point D777",47.9507647822987,-1.48775895020323,Janzé,"Aire de covoiturage"
"Rue de L'écusson","17 Rue des Saulniers. 56120 Josselin",47.958677,-2.553786,Josselin,"Aire de covoiturage"
"Aire de covoiturage Saint-Igneuc","RD 66 - RN 176 (Delaisse RD16",48.40983213,-2.345367377,Jugon-Les-Lacs,"Aire de covoiturage"
"Aire de covoiturage Le Val Joli","RD 792 proche RN 176",48.41524825,-2.315409162,Jugon-Les-Lacs,"Aire de covoiturage"
"Aire de covoiturage Loch Ar Lann","D764. 29270 Kergloff",48.2874739,-3.612962056,Kergloff,"Aire de covoiturage"
"Aire de covoiturage de Ty Richard","11 Kerfort. 56540 Kernascléden",48.007182,-3.340713,Kernascleden,"Aire de covoiturage"
"Aire de covoiturage de Kergo-Kernous","Kernours. 56700 Kervignac",47.759906,-3.286759,Kervignac,"Aire de covoiturage"
"Aire de covoiturage de Le Porzo","Rohabon. 56700 Kervignac",47.79493,-3.238014,Kervignac,"Aire de covoiturage"
"Place de l'Église","21 rue de Lesquen",48.4433415962599,-1.10586745516611,"La Bazouge-Du-Désert","Aire de covoiturage"
"Centre maison neuve","Rue Saint-Martin",48.1851967525338,-1.4394966671136,"La Bouëxière","Aire de covoiturage"
"Centre maison neuve","Rue Saint-Martin",48.1851967525338,-1.4394966671136,"La Bouëxière","Aire de covoiturage"
"La Grenouillette","La Grenouillette",48.1355245063558,-1.0916371179694,"La Chapelle Erbrée","Aire de covoiturage"
"Siège CC Bretagne Romantique","Rue des Etangs",48.3828209506634,-1.82882020296592,"La Chapelle-Aux-Filtzmeens","Aire de covoiturage"
"Parking salle de sport","Rue de Rennes",48.1750609241553,-1.72646737711183,"La Chapelle-Des-Fougeretz","Aire de covoiturage"
"La Fossardais","La Fossardais",47.7818412442339,-1.69851723527387,"La Dominelais","Aire de covoiturage"
"Aire de covoiturage Croaz An Herry","D764. 29690 La Feuillée",48.38169577,-3.845220409,"La Feuillee","Aire de covoiturage"
"Rue des Frênes","Rue des Frênes",48.5884280171626,-1.8449654827428,"La Fresnaie","Aire de covoiturage"
"Les Grands Champs","Les Grands Champs",47.9456116631715,-1.25017072657155,"La Guerche-De-Bretagne","Aire de covoiturage"
"Aire de covoiturage Bel Air","échangeur de Bel Air RD 700-",48.22553374,-2.755123526,"La Motte","Aire de covoiturage"
"Aire de covoiturage de La Roche-Jaudy","Rue des Ajoncs",48.743626,-3.250262,"La Roche-Jaudy","Aire de covoiturage"
"Parking Rue du Pont Sec","Rue du pont sec (D17)",48.43729443,-1.341634042,La-Selle-En-Coglès,Parking
"Aire de covoiturage de Porhoet","12 Rue du Point du Jour. 56490 La Trinité-Porhoét",48.096889,-2.535549,"La Trinite Porhoet","Aire de covoiturage"
"Aire de covoiturage de Croix","32 Rue de la Gare. 56250 La truee-Croix",47.69582,-2.540475,"La Truee-Croix","Aire de covoiturage"
"La Massonnais","Rond point D706 et D806",48.3681294366625,-1.17051590990296,Laignelet,"Aire de covoiturage"
"La lande de villiers","Bout de lande",47.97416793792,-1.69692557108055,Laillé,"Aire de covoiturage"
"Rue de la halte/Landret","Rue de la Halte",47.9800647551924,-1.73242788473385,Laillé,"Aire de covoiturage"
"Aire de covoiturage La Ville Es Lan","échangeur de la Ville Es Lan RN12-RD768",48.46780324,-2.54833357,Lamballe,"Aire de covoiturage"
"Aire de covoiturage de Le Poulvern","La Gare. 56690 Landaul",47.733121,-3.090235,Landaul,"Aire de covoiturage"
"Parking Passille","Rue Michel et Jean Passille",48.41211567,-1.153623,Landean,Parking
"Aire de covoiturage Jean Monnet","ZA de Prat Pip. 175 rue Jean Monnet. 29800 Saint-Divy",48.44449453,-4.269187605,Landerneau,"Aire de covoiturage"
"Aire de covoiturage de Mané Craping","Prad er Houerh. 56690 LanDévant",47.759757,-3.139936,Landevant,"Aire de covoiturage"
"Aire de covoiturage Les Quatre Chemins","Les Quatre Chemins. 29560 LanDévennec",48.26220635,-4.333813993,Landevennec,"Aire de covoiturage"
"Aire de covoiturage Kerivoal","Zone de Kerioual. D69. 29400 Landivisiau",48.51538192,-4.051675766,Landivisiau,"Aire de covoiturage"
"Aire de covoiturage de Géant","118 Rue Andrei Sakharov. 56600 Lanester",47.777579,-3.343389,Lanester,"Aire de covoiturage"
"La Guiguenière","Entree Sud accès par D27",48.2480027822452,-1.82256251638921,Langouet,"Aire de covoiturage"
"Parking La Guigueniére","La Guigueniére",48.24783043,-1.822396848,Langouet,Parking
"Aire de covoiturage Le Boutil","Giratoire du Boutil RD 767 - RD 786",48.72429683,-3.430629822,Lannion,"Aire de covoiturage"
"Aire de covoiturage Pont Lé","Giratoire RD 6 - RD 9",48.63465909,-2.976688639,Lanvollon,"Aire de covoiturage"
"Les Landes de Canut","Les Landes de Canut",47.968165700495,-1.86796315620161,Lassy,"Aire de covoiturage"
"Aire de covoiturage Quiella","Route de Rumengol. 29590 Le Faou",48.29862009,-4.167873871,"Le Faou","Aire de covoiturage"
"Place de La Mairie","Rue de Bretagne",48.49159599,-1.293845397,"Le Ferre",Parking
"Complexe Sportif Auguste Et Aimé Le Got","8 Route de Brest. 29260 Le Folgoét",48.55992862,-4.33850186,"Le Folgoet",Parking
"Poteau de Kergentil","Le Poteau de Kergentil. 56190 Le Guerno",47.572911,-2.404357,"Le Guerno","Aire de covoiturage"
"Aire de covoiturage de Le Hezo","2 Rue er Vreneguy. 56450 Le Hézo",47.581918,-2.694201,"Le Hezo","Aire de covoiturage"
"La Chonette","Rue des Mares",48.3568876092191,-2.00724548541814,"Le Quiou","Aire de covoiturage"
"Aire de covoiturage Kergleuz","4 Rue Robert Schuman. 29480 Le Relecq-Kerhuon",48.39871002,-4.407923978,"Le Relecq-Kerhuon","Aire de covoiturage"
"Pont d'avoine","16 rue nationale",48.0959200374835,-1.76556013063563,"Le Rheu","Aire de covoiturage"
"Parking La Sablonniére","Rue de la Sablonniére",47.90948,-1.396523667,"Le Theil-De-Bretagne",Parking
"Bourg neuf","Bourg neuf",47.9196450810922,-1.41908166743692,"Le Theil-De-Bretagne","Aire de covoiturage"
"La Sablonnière","Proche de la D41 Rennes-Angers mais pas située directement sur l'échangeur. Sur la D47 entre le bourg de Retiers et l'échangeur.",47.9094800829679,-1.39652366715846,"Le Theil-De-Bretagne","Aire de covoiturage"
"Place de L'Eglise","9 Lotissement Communal le Fougeri. 56370 Le Tour-du-Parc",47.523953,-2.650718,"Le Tour-Du-Parc",Parking
Villeneuve,"VC face à la Zone de la Pilais",48.3512940494858,-1.23311744375032,Lécousse,"Aire de covoiturage"
"Aire de covoiturage Ty Blaise","103 Ty Blaise. 29190 Lennon",48.20781075,-3.902552406,Lennon,"Aire de covoiturage"
"Aire de covoiturage L'Escargot","RD 792 proche RN 176",48.18776095,-2.59100542,"Les Moulins","Aire de covoiturage"
"La croix de la mission","La croix de la mission",48.2198381691332,-1.49582366618066,Liffré,"Aire de covoiturage"
"La Reposée","Rue de Rennes",48.2022667465807,-1.52641333319941,Liffré,"Aire de covoiturage"
"La croix de la mission","La croix de la mission",48.2198381691332,-1.49582366618066,Liffré,"Aire de covoiturage"
"La Reposée","Rue de Rennes",48.2022667465807,-1.52641333319941,Liffré,"Aire de covoiturage"
"Aire de covoiturage de Sainte Catherine","213 Sainte-Catherine. 56460 Lizio",47.873391,-2.4944,Lizio,"Aire de covoiturage"
"Aire de covoiturage de Champ","33 Rue du Géneral De Gaulle. 56390 Grand-Champ",47.760145,-2.848733,Locmaria-Grand-Champ,"Aire de covoiturage"
"Aire de covoiturage de Collec","D767A. 56390 Locmaria-Grand-Champ",47.757942,-2.781111,Locmaria-Grand-Champ,"Aire de covoiturage"
"Parking Carrefour Market","20 Les Maisons du Verger. 56500 Locminé",47.878301,-2.828877,Locmine,Supermarché
"Echangeur de Lohéac","rue de chateaubriant pres du sade",47.8630869857101,-1.88101412766708,Lohéac,"Aire de covoiturage"
"Aire de covoiturage Kéranc'Hoat","24 Rue de la Gare. 29470 Loperhet",48.38286825,-4.307951837,Loperhet,"Aire de covoiturage"
"Aire de covoiturage Porhoet","RD 700 - RD 778",48.16846279,-2.735771957,Loudéac,"Aire de covoiturage"
"Aire de covoiturage La Fourchette",RD700-RN164-RD786,48.19725814,-2.753325074,Loudéac,"Aire de covoiturage"
"Place de Bretagne","Place de Bretagne",48.4813123,-1.125030626,Louvigné-Du-Désert,Parking
"Place de La Mairie","Place de la Mairie",48.4801177,-1.124522971,Louvigné-Du-Désert,Parking
"Place du 8 mai 45","Place du 8 mai 45",48.4800711301505,-1.12147015171582,Louvigné-Du-Désert,"Aire de covoiturage"
"Aire de covoiturage de Loyat","D766. 56800 Loyat",47.975316,-2.379918,Loyat,"Aire de covoiturage"
"Echangeur 30 - ZA Saint-Eustache","D3155 - La Bassetais",48.3997816853209,-1.31243028894358,"Maen Roch","Aire de covoiturage"
"Parking Super U","Parc d'Activités de la Chaussée. 56220 Malansac",47.670036,-2.300409,Malansac,Supermarché
"Echangeur Sud","Avenue du Général de Gaulle",47.8201144600246,-1.32166233409256,Martigné-Ferchaud,"Aire de covoiturage"
Saint-Morand,"Echangeur de Saint-Morand",47.7995094491553,-1.27719355160516,Martigné-Ferchaud,"Aire de covoiturage"
"Aire de covoiturage Le Stade",RD13,48.59213544,-2.296072962,Matignon,"Aire de covoiturage"
Bellevue,Bellevue,47.9085381690682,-1.9911113350743,Maure-De-Bretagne,"Aire de covoiturage"
"Aire de covoiturage de Voie Verte","La Grée Aga. 56430 Mauron",48.079882,-2.271058,Mauron,"Aire de covoiturage"
Maxent,,47.9823578974396,-2.03042301192006,Maxent,"Aire de covoiturage"
"Salle polyvalente","Rue de Montreuil",48.2196439130764,-1.69770433916455,Melesse,"Aire de covoiturage"
Cimetière,"Rue de Rennes",48.213218163956,-1.69747500054249,Melesse,"Aire de covoiturage"
"Aire de covoiturage Kerampaou (Kercorey)","Aire de covoiturage de Kerampaou. Burleo. 29140 Melgven",47.88913267,-3.800855592,Melgven,"Aire de covoiturage"
"Parking de la Rue Rouviel","6 Rue Rouviel",48.4884238023017,-1.18793889504592,Melle,"Aire de covoiturage"
"Parking de La Maison de Santé","17 Rue du Porhoét. 56490 Ménéac",48.137281,-2.463628,Meneac,Parking
"Aire de covoiturage Pen Ar Guéar","340 Rue Messire Jean Kerebel. 29290 Milizac",48.46307683,-4.562064728,Milizac,"Aire de covoiturage"
"La Costardais","Parking de la gare",48.5312607537301,-1.91460933166711,Miniac-Morvan,"Aire de covoiturage"
Intermarché,"3 Rue de Kerdiaoulig. 29350 Moélan-sur-Mer",47.81168887,-3.631399288,Moëlan-Sur-Mer,Supermarché
"Rue de Dinan","Rue de Dinan",48.2052820828051,-2.04743866675572,Montauban-De-Bretagne,"Aire de covoiturage"
"MONTREUIL DES LANDES",,48.2477201779127,-1.22416046819579,Montreuil-Des-Landes,"Aire de covoiturage"
"Les Vergers","Les Vergers",48.2095991129775,-1.62444947139616,Mouazé,"Aire de covoiturage"
"Parking de la Mairie","rue de la Metrie",48.0019845301957,-1.37190399623665,Moulins,"Aire de covoiturage"
"Aire de covoiturage Michelle Le Brun","Croisement route de Pontivy et rue Michelle Le Brun",48.19808245,-2.989523491,"Mur De Bretagne","Aire de covoiturage"
"Aire de covoiturage de Terre Océan","E60. 56190 Ambon",47.558568,-2.501261,Muzillac,"Aire de covoiturage"
"Pont Suspendu","Le Pont. Boulevard de Bretagne. 56130 Nivillac",47.525974,-2.303977,Nivillac,"Aire de covoiturage"
"Aire de covoiturage de Le Gohéléve","Rue Jean Perrin. 56920 Noyal-Pontivy",48.054378,-2.941609,"Noya- Pontivy","Aire de covoiturage"
"Rue Lavoisier","Rue Lavoisier",48.0390009762016,-1.68343790083127,Noyal-Châtillon-Sur-Seiche,"Aire de covoiturage"
"Espace Nominoë","Rue Julien Neveu",48.1110706956896,-1.52818191449501,Noyal-Sur-Vilaine,"Aire de covoiturage"
"Parking La Fouaye",Fouaye,48.15278333,-1.808701333,Pacé,Parking
Cimetière,"Boulevard du Duc Jean V",48.1481784986479,-1.7696086669414,Pacé,"Aire de covoiturage"
"Les Sorinais","Rond point des Sorinais",48.1353727221876,-1.77217967770879,Pacé,"Aire de covoiturage"
"Aire de covoiturage La Lande Blanche","Giratoire de la Lande Blanche RD786-RD7",48.76188831,-3.041335092,Paimpol,"Aire de covoiturage"
"Rue des Forges","Rue des Forges",48.0169593833885,-2.16960717226744,Paimpont,"Aire de covoiturage"
"Place des Jardins","34 Rue du Galerie de Gaulle. 56130 Péaule",47.579242,-2.361207,Peaule,"Aire de covoiturage"
"Le Fouteau","Echangeur D117 x D777",47.8163692467306,-1.91846850286215,Pipriac,"Aire de covoiturage"
"La Secouette","Echangeur D177 x D59",47.7817320725771,-1.92760078462441,Pipriac,"Aire de covoiturage"
"Aire de covoiturage de Pipriac","Le Fouteau",47.81636733,-1.918255,Pipriac,"Aire de covoiturage"
"Le ballon","Le Ballon",48.0236678586756,-1.39939148093098,Piré-Sur-Seiche,"Aire de covoiturage"
"Aire de covoiturage Gare du Lac","58 Avenue de Waltenhofen. 29860 Plabennec",48.49801446,-4.430842377,Plabennec,"Aire de covoiturage"
"Aire de covoiturage L'Arguenon","RD 768",48.52557987,-2.228547235,Plancoët,"Aire de covoiturage"
"Aire de covoiturage de Le Croazo","Etang Du Boler. Le Croiseau. 56420 Plaudren",47.778011,-2.685105,Plaudren,"Aire de covoiturage"
"Aire de covoiturage La Croix denis","échangeur de la Croix Denis RD 700-RD10",48.46110837,-2.781909681,Pledran,"Aire de covoiturage"
"Les Korrigans","Rue des Korrigans",48.006613918179795,-2.089015602683655,Plélan-Le-Grand,"Aire de covoiturage"
"Aire multimodale de Plélan-le-Grand","Rue des Korrigans",48.0065066650909,-2.089132793124,Plélan-Le-Grand,"Aire de covoiturage"
Tregu,Tregu,48.0036080784291,-2.08493329878114,Plélan-Le-Grand,"Aire de covoiturage"
"Aire de covoiturage Les Vallées","Giratoire sud de l'échangeur des Vallées RN 12 - RD 792",48.37505553,-2.359683391,Plénée-Jugon,"Aire de covoiturage"
"Aire de covoiturage Les Mimosas","Rue des Mimosas",48.54361598,-2.769916279,Plérin,"Aire de covoiturage"
"La Grignardais","Echangeur de la Grignardais RN176/RD766",48.5219328338633,-2.04078443071613,Pleslin-Trigavou,"Aire de covoiturage"
Pleugueneuc,"Echangeur D137",48.406461084601,-1.90637866673174,Pleugueneuc,"Aire de covoiturage"
"Le Plessix blanc","Le Plessix blanc",48.174925033869,-1.92140337176171,Pleumeleuc,"Aire de covoiturage"
"Aire de covoiturage Penhoat Salaun","ZAC de Penhoat Salaun. Pole Commercial Quai 29. 29170 Pleuven",47.90150893,-4.027307333,Pleuven,"Aire de covoiturage"
"Aire de covoiturage de Groéz-Ven","3 Rue du Groez Ven. 56400 Ploemel",47.652358,-3.071279,Ploemel,"Aire de covoiturage"
"Aire de covoiturage de Corn Er Hoét","Corn er Hoét. 56400 Ploemel",47.666039,-3.041004,Ploemel,"Aire de covoiturage"
"Aire de covoiturage de Les deux Moulins","11 Impasse des Korrigans. 56880 Ploeren",47.658692,-2.860431,Ploeren,"Aire de covoiturage"
"Aire de covoiturage de Ronsouze","ZI de Camagnon. 56800 Ploérmel",47.919775,-2.383223,Ploërmel,"Aire de covoiturage"
"Aire de covoiturage Kérandoaré","17 Kerandoaré. 29710 Plogastel-Saint-Germain",47.99869516,-4.271148516,Plogastel-Saint-Germain,"Aire de covoiturage"
"Aire de covoiturage Kertédevant","échangeur de Kertédevant RD 7 - RN 12",48.52936003,-2.968602739,Plouagat,"Aire de covoiturage"
"Place du 19 Mars 1962","Rue François Letellier",48.2997451409182,-2.00705544325251,Plouasne,"Aire de covoiturage"
"Aire de covoiturage de Manério","9 Rue Paul Serusier. 56240 Plouay",47.909585,-3.332793,Plouay,"Aire de covoiturage"
"Aire de covoiturage de Kerfétan","Prateno. 56240 Plouay",47.90026,-3.306063,Plouay,"Aire de covoiturage"
"Aire de covoiturage de Kerauzern","Route de Kerauzern",48.663834,-3.444913,Ploubezre,"Aire de covoiturage"
"Aire de covoiturage Saint-Eloi","119 Le Rest. 29260 Ploudaniel",48.48290276,-4.289608112,Ploudaniel,"Aire de covoiturage"
"Aire de covoiturage Croas Ar Rod","D32. 29260 Ploudaniel",48.55942071,-4.309931516,Ploudaniel,"Aire de covoiturage"
"Aire de covoiturage Les Quatre Chemins","70 Les Quatre Chemins. 29650 Plouégat-Moysan",48.56735534,-3.605819376,Plouégat-Moysan,"Aire de covoiturage"
"La Chiennais","Echangeur de la Chiennais RN176/RD12",48.5359886238677,-2.01332826218556,Plouer-Sur-Rance,"Aire de covoiturage"
"Aire de covoiturage Keraudy","4 Rue de la Forge. 29217 Plougonvelin",48.34391896,-4.720745248,Plougonvelin,"Aire de covoiturage"
"Aire de covoiturage de Zone du Keneah","Zone commerciale du Kenyah Nord. Le Kenyah. Route de Mériadec. 56400 Plougoumelen",47.668401,-2.897153,Plougoumelen,"Aire de covoiturage"
"Aire de covoiturage La Ville Louis","Giratoire RN 134 - RD 764",48.23661464,-3.297438299,Plouguernevel,"Aire de covoiturage"
"Aire de covoiturage Gorréquéar","13 D26. 29830 Plouguin",48.52494474,-4.602263502,Plouguin,"Aire de covoiturage"
"Place Jean Guillou","2 Rue Jean Guillou. 29780 Plouhinec",48.01363072,-4.484518331,Plouhinec,Parking
"Aire de covoiturage de Manéguen","20 Maneguen. 56680 Plouhinec",47.706464,-3.220152,Plouhinec,"Aire de covoiturage"
"Aire de covoiturage Lan Kerdilés","D64. 29610 Plouigneau",48.57640458,-3.715960142,Plouigneau,"Aire de covoiturage"
"Aire de covoiturage Kernilien","échangeur de Kernilien RD 767 - RN 12",48.56583954,-3.20665538,Plouisy,"Aire de covoiturage"
"Aire de covoiturage La Chesnaye","échangeur de La Chesnaye RN 12 - RD5",48.54897762,-3.149353026,Ploumagoar,"Aire de covoiturage"
"Aire de covoiturage de Ploumilliau","Giratoire de la Croix Rouge",48.700356,-3.522964,Ploumilliau,"Aire de covoiturage"
"Aire de covoiturage Beg Ar C'Hra","échangeur de Beg Ar C'hra RN 12 - RD 11",48.56252705,-3.498991816,Plounévez-Moëdec,"Aire de covoiturage"
"Aire de covoiturage Sainte-Catherine","1 Le Pont Neuf. 22340 Treffrin",48.29889905,-3.546483865,Plounévézel,"Aire de covoiturage"
"Aire de covoiturage Berven centre","place du champ de foire. 29440 Plouzévédé",48.605705,-4.11275,Plouzévédé,"Aire de covoiturage"
"Aire de covoiturage Ti Lipig","336 Kerbenhir. 29700 Pluguffan",47.9547808,-4.168375413,Pluguffan,"Aire de covoiturage"
"Aire de covoiturage de Mériadec","5 Rue Parfait Pobeguin. 56400 Plumergat",47.697269,-2.897984,Pluneret,"Aire de covoiturage"
"Aire de covoiturage de Ker Go Ho","64 Rue de Kersalé. 56400 Pluneret",47.66719,-2.955165,Pluneret,"Aire de covoiturage"
"La Massais","D777 - C6",48.0959211355256,-1.22735794174372,Pocé-Les-Bois,"Aire de covoiturage"
"Parking du Terrain de Foot","38 Rue des Tailleurs de Pierre",48.46570067,-1.263926777,Poilley,Parking
POLIGNE,"Rue de Rennes",47.8890792131391,-1.68709046317441,Poligne,"Aire de covoiturage"
"Aire de covoiturage de Ninijo Route de Quimperlé","16 Rue Chéteaubriand. 56620 Pont-Scorff",47.83366,-3.41245,Pont-Scorff,"Aire de covoiturage"
"Route de Lorient","2-4 Rue Kroez Forn. 56620 Pont-Scorff",47.829438,-3.404594,Pont-Scorff,"Aire de covoiturage"
"Parking E.Leclerc St Niel","85 Avenue de la Libération. 56300 Pontivy",48.069514,-2.945259,Pontivy,Supermarché
"Aire de covoiturage La Ville Auvray","RD788- ZA de la Ville Auvray",48.56116737,-2.81084774,Pordic,"Aire de covoiturage"
"Parking de la Côte Rouge","Côte Rouge 56290 Port Louis",47.70917,-3.3413,"Port Louis","Aire de covoiturage"
"Aire de covoiturage Foennec Veur","Foennec Veur. 29100 Pouldergat",48.03872684,-4.32923363,Pouldergat,"Aire de covoiturage"
"Rue de Saint-Brieuc","Rue de Saint-Brieuc",48.2508596049886,-2.14361754196861,Quédillac,"Aire de covoiturage"
"Aire de covoiturage de Bel Air","2 Avenue de Bel air. 56230 Questembert",47.684666,-2.449324,Questembert,"Aire de covoiturage"
"Aire de covoiturage de Le Petit Molac","D775. 56230 Questembert",47.681134,-2.424241,Questembert,"Aire de covoiturage"
"Parking Leroy Merlin","D765. 56530 Quéven",47.778951,-3.425165,Quéven,Supermarché
"Bel Air","Echangeur RN176/RD 766",48.4467500411557,-2.0924504890629,Quévert,"Aire de covoiturage"
"LES CHAMPS BLANCS","Echangeur RN176/RD 766",48.4461237764297,-2.09219299795097,Quévert,"Aire de covoiturage"
"LA LANDE SEGUIN","Echangeur RN176/RD766",48.447034705486,-2.09013306066279,Quévert,"Aire de covoiturage"
QUEVERT,"rue de violette",48.4623113968998,-2.06731094710314,Quévert,"Aire de covoiturage"
"Aire de covoiturage Park Poullic","1 D770. 29000 Quimper",48.03075507,-4.08346776,Quimper,"Aire de covoiturage"
"Aire de covoiturage Kernevez","279 Route de Douarnenez. 29000 Quimper",47.99975802,-4.147025891,Quimper,"Aire de covoiturage"
"Aire de covoiturage Troyalac'H","494 Route de Rosporden. 29000 Quimper",47.97957429,-4.015627955,Quimper,"Aire de covoiturage"
"Aire de covoiturage Kervidanou","1 Péle d'Act Kervidanou 3. 29300 Mellac",47.86830712,-3.584241427,Quimperlé,"Aire de covoiturage"
Paimbaudière,"Rond-Point Rannée",47.9230106721949,-1.25275514259802,Rannée,"Aire de covoiturage"
"Aire de covoiturage Le Croéziou","22 D62. 29300 Rédené",47.85058747,-3.465483954,Rédené,"Aire de covoiturage"
"Aire de covoiturage Kerfleury","Petit Kérozec. 29300 Rédené",47.84892196,-3.5093068,Rédené,"Aire de covoiturage"
"Point Stop","Chemin de Halage",47.663149718757,-2.09981583277041,Redon,"Aire de covoiturage"
"Point de dépose Surcouf Maillardais","quai Surcouf rue de la Maillardais",47.6486636652055,-2.08772631487871,Redon,"Aire de covoiturage"
"La Brandais","La Brandais",48.1542888495786,-1.62572337303651,Rennes,"Aire de covoiturage"
"Retiers Echangeur Sud","Le Houssais",47.8936483567868,-1.36999509703985,Retiers,"Aire de covoiturage"
"Aire de covoiturage Kerandréo","D4. 29340 Riec-sur-Bélon",47.8865826,-3.70053248,Riec-Sur-Bélon,"Aire de covoiturage"
"Le Chêne des Bouteilles","Croisement D20 x D775",47.6124810100911,-2.14849843469723,Rieux,"Aire de covoiturage"
"Le Pâtis Buret","Le Pâtis Buret",48.3020184081824,-1.35766633208634,Rives-Du-Couesnon,"Aire de covoiturage"
"Place du Chéteau","11 Rue de Kerentree. 56580 Rohan",48.067572,-2.753222,Rohan,"Aire de covoiturage"
"ZA des estuaires","ZA des estuaires",48.3422443323359,-1.2901130011969,Romagné,"Aire de covoiturage"
"PLACE DU MARCHE","PLACE DU MARCHE",48.6749929804221,-1.91419937973604,Saint-Coulomb,"Aire de covoiturage"
"Le Tertre Haut","Rue le Tertre haut",48.1164137319531,-1.36462170693727,Saint-Jean-Sur-Vilaine,"Aire de covoiturage"
L'Isle,"Rue de la Ville Jouet",48.2674432323746,-2.15696398349496,Saint-Jouan-De-L'isle,"Aire de covoiturage"
"Aire de covoiturage de Le Val D'Oust","D764. 56460 La Chapelle-Caro",47.853371,-2.421713,Saint-Abraham,"Aire de covoiturage"
"Parking de l'If",,48.3720837990995,-2.00753540694381,Saint-Andre-Des-Eaux,"Aire de covoiturage"
"Aire de covoiturage de Armel","7 Route du Bel air. 56450 Saint-Armel",47.565596,-2.714008,Saint-Armel,"Aire de covoiturage"
"Les Lacs","Gare des Lacs",48.1087032099211,-1.32097331590942,"Saint-Aubin Des Landes","Aire de covoiturage"
"Rue de Rennes","Rue de Rennes",48.2577998825314,-1.60556798366633,Saint-Aubin-D'aubigné,"Aire de covoiturage"
"La Mottais","ZA de la Mottais",48.2590837504216,-1.41356166719094,Saint-Aubin-Du-Cormier,"Aire de covoiturage"
"La Mottais","ZA de la Mottais",48.2590837504216,-1.41356166719094,Saint-Aubin-Du-Cormier,"Aire de covoiturage"
"Saint Christophe des Bois","Rue du Relais des forges",48.2278251933977,-1.24501513672047,Saint-Christophe-Des-Bois,"Aire de covoiturage"
"Aire du rocher","Echangeur D137",48.3652217538339,-1.87419933248589,Saint-Domineuc,"Aire de covoiturage"
"Aire de covoiturage de Lénunes","3 Rue de Ker Anna. 56400 Sainte-Anne-d'Auray",47.703913,-2.955411,Sainte-Anne-D'auray,"Aire de covoiturage"
"P.A du Guenet","Z.A la Lande des Guénet",47.6984567237394,-2.02116022305832,Sainte-Marie,"Aire de covoiturage"
"Aire de covoiturage Coat Conval","D785. 29600 Sainte-Séve",48.5522446,-3.879252377,Sainte-Séve,"Aire de covoiturage"
"Za Saint-Eustache",D3155,48.3997816,-1.312430289,Saint-Étienne-En-Coglès,Parking
"Le Clos Richard","Le Clos Richard",48.5643820090891,-1.53660990624367,Saint-Georges-De-Grehaigne,"Aire de covoiturage"
"Place de la Mairie","Place de la Mairie",48.5091785216463,-1.24341595995281,Saint-Georges-De-Reintembault,"Aire de covoiturage"
Fouaye,Fouaye,48.1527835022983,-1.80870133400004,Saint-Gilles,"Aire de covoiturage"
"Rue d'Ouessant","Rue d'Ouessant",48.1573243086521,-1.68842967730149,Saint-Grégoire,"Aire de covoiturage"
"Parking Pierre Glet","36 Rue de la Fontaine Froide. 56350 Saint-Jean-la-Poterie",47.637373,-2.134009,Saint-Jean-La-Poterie,Parking
"Rue de St Goustan","Korrigans. 56370 Sarzeau",47.512268,-2.804453,Saint-Jean-La-Poterie,"Aire de covoiturage"
"Aire de covoiturage Kergoét","Entrée Station Galivel",48.27282354,-2.188097311,Saint-Jouan-De-L'isle,"Aire de covoiturage"
"Place des Grandes Eves","Rue de la Ville",48.3524636276836,-2.04532412561966,Saint-Juvat,"Aire de covoiturage"
GARE,,48.6460093875093,-2.00610140539623,Saint-Malo,"Aire de covoiturage"
"Rue Louis Pasteur","Rue Louis Pasteur",48.1890467495114,-2.17094666742155,Saint-Meen-Le-Grand,"Aire de covoiturage"
"Aire de covoiturage Le Ruellou","RD 790-RD5",48.30708847,-3.162659448,Saint-Nicolas-Du-Pélem,"Aire de covoiturage"
"Aire de covoiturage de Kerboulard","D775. 56250 Saint-Nolff",47.695577,-2.633671,Saint-Nolff,"Aire de covoiturage"
"Aire de covoiturage Tevenn Ar Reut","8 Rue de Theven Ar Reut. 29830 Saint-Pabu",48.56719854,-4.611350472,Saint-Pabu,"Aire de covoiturage"
"Aire de covoiturage de Saint-Péran","Rue de la Mairie",48.052762758114,-2.05848088232042,Saint-Péran,"Aire de covoiturage"
"Le Fort Saint-Père","Echangeur de Châteauneuf d'Ille-et-Vilaine",48.5653427535629,-1.92342833858651,Saint-Père-Marc-En-Poulet,"Aire de covoiturage"
"Saint-Père Centre","Rue Arthur Regnault",48.5880966276264,-1.92438708623697,Saint-Père-Marc-En-Poulet,"Aire de covoiturage"
"Parking Angle Avenue de Bretagne Et Rue Général de Gaulle","6564 Rue de la Batterie. 56510 Saint-Pierre-Quiberon",47.513983,-3.134753,Saint-Pierre-Quiberon,Parking
"Aire de covoiturage Ti Raden","Ty Raden. 29590 Saint-Ségal",48.2249265,-4.076218395,Saint-Ségal,"Aire de covoiturage"
"Le Petit Rocher","Echangeur D137",48.2861508992112,-1.80159382527405,Saint-Symphorien,"Aire de covoiturage"
"Aire de covoiturage Saint-Thégonnec","D118. 29410 Saint-Thégonnec",48.52725679,-3.940298016,"Saint-Thégonnec Loc-Eguiner","Aire de covoiturage"
Cossinade,Cossinade,48.0453020051789,-1.9279816304331,Saint-Thurial,"Aire de covoiturage"
"Place de L'Eglise","15 Place de l'église. 29800 Saint-Urbain",48.39985286,-4.228609424,Saint-Urbain,Parking
"Parking Salle Polyvalente","7 Rue André Fleury. 56350 Saint-Vincent-sur-Oust",47.699631,-2.147792,Saint-Vincent-Sur-Oust,Parking
"Aire de covoiturage de Saint Colombier","St-Colombier Embranchement RD 780. 56370 Sarzeau",47.546912,-2.720736,Sarzeau,"Aire de covoiturage"
"Aire de covoiturage Sens-De-Bretagne","Stade Emile Logeais",48.33123115,-1.527401756,Sens-De-Bretagne,"Aire de covoiturage"
"Croix Couverte","Rue Philippe de Volvire",48.3311404465509,-1.52762191380769,Sens-De-Bretagne,"Aire de covoiturage"
"Aire de covoiturage de Le Gros Chéne","D10. 56460 Sérent",47.819795,-2.435421,Serent,"Aire de covoiturage"
Gare,"Halte SNCF",48.1117743941165,-1.4654497106746,Servon-Sur-Vilaine,"Aire de covoiturage"
"Aire de covoiturage Ar Golenn","40 Rue de Cornouaille. 29450 Sizun",48.39989711,-4.079011517,Sizun,"Aire de covoiturage"
DOMBRIAND,"Echangeur RN176/RD156",48.4812809675591,-2.04222717172548,Taden,"Aire de covoiturage"
"LA MERELLE","Intersection RN176",48.4695860339065,-2.06053693020587,Taden,"Aire de covoiturage"
"Debussy - Chardonnay","Place Debussy-Chadonnay",47.806637088671,-1.53937933250262,Teillay,"Aire de covoiturage"
"Aire de covoiturage de Croix Lann","La Croix de la Lande. 56450 Theix",47.613627,-2.614355,Theix-Noyalo,"Aire de covoiturage"
"Aire de covoiturage de Theix Rond Point de Since","Since. 56450 Theix",47.636281,-2.681642,Theix-Noyalo,"Aire de covoiturage"
"Porte de Tizé","Porte de Tizé - rocade Est",48.1407829144053,-1.57978266609838,Thorigné-Fouillard,"Aire de covoiturage"
"Rue de la Libération","Place Pierre et Marie Curie",47.8534317542724,-1.47938466661554,Thourie,"Aire de covoiturage"
"Les Vairies","Echangeur D137 / route de Saint-Thual",48.3246904140841,-1.85252366550939,Tinténiac,"Aire de covoiturage"
Montigné,"Echangeur Montigné",48.0741724162472,-1.27117300600675,Torcé,"Aire de covoiturage"
"Aire de covoiturage Croix de L'Epine","RN12 - RD44",48.3923125,-2.395596168,Tramain,"Aire de covoiturage"
"Aire de covoiturage de Trebeurden","Giratoire route de Lan ar Cleis / Route de Lannion",48.767037,-3.551272,Trébeurden,"Aire de covoiturage"
"Parc activités La Gare",,48.0292110578874,-2.0132269000696,Treffendel,"Aire de covoiturage"
"Les Faluns","Route de Pluasne",48.3379180532882,-2.02521404230652,Treffumel,"Aire de covoiturage"
"Aire de covoiturage La Crarée","échangeur de la Crarée RD 10 - RD 27 - RD 222",48.47715316,-2.750257156,Trégueux,"Aire de covoiturage"
"Aire de Rance-Frémur","Giratoire D266/D118",48.5663382436583,-2.05988842858108,Tréméreuc,"Aire de covoiturage"
"Aire de covoiturage L'Aéroport","RN12 - RD 706",48.53073919,-2.859697266,Trémuson,"Aire de covoiturage"
"Aire de covoiturage de Trimer","Le Bourg",48.3407432108368,-1.89299452427182,Trimer,"Aire de covoiturage"
"Aire de covoiturage Berlouze","Giratoire de Berlouze RD 35 - RD 700",48.28744844,-2.826654417,Uzel,"Aire de covoiturage"
"Aire de covoiturage de Atlanville","2 Rue Aristide Boucicaut. 56000 Vannes",47.670669,-2.789974,Vannes,"Aire de covoiturage"
"Rond Point des 3 Rois","21 Rue de Kerbiquette. 56000 Vannes",47.686177,-2.769405,Vannes,"Aire de covoiturage"
Vergéal,"Rue de la Mairie",48.0362102583358,-1.26399729323663,Vergéal,"Aire de covoiturage"
"Les Orgeries","Les Orgeries",48.044337937779,-1.60558191626882,Vern-Sur-Seiche,"Aire de covoiturage"
"Le Bas Champ","Le Bas Champ",48.2509743532731,-1.77293423227139,Vignoc,"Aire de covoiturage"
"Aire de covoiturage Les Broussettes","échangeur RN 176 - RD 776",48.43858255,-2.144430388,Vildé-Guingalan,"Aire de covoiturage"
"Place Vincent Van Gogh","Place Vincent Van Gogh",48.4605459039419,-1.22080977457693,Villamée,"Aire de covoiturage"
"Parc d'activités La Baratière","PA La Baratière",48.1094985026484,-1.21606233176827,Vitré,"Aire de covoiturage"
