name;address;town;insee_code;postal_code;postal_code;type;longitude;latitude
"Aire de covoiturage de Intermarché. Cap Ouest";"Parc d'activé Cap Ouest. 56350 Allaire";ALLAIRE;56001;56350;56350;"Aire de covoiturage";-2.176899
"Aire de covoiturage de Sainte Julitte";"E60. 56190 Muzillac";AMBON;56002;56190;56190;"Aire de covoiturage";-2.545577
Eglise;"Arbrissel - parking de l'église";ARBRISSEL;35005;;35130;"Aire de covoiturage";-1.30347200045056
"Aire de covoiturage de Botquelen";"28 Route de Parc Botquelen. 56610 Arradon";ARRADON;56003;56610;56610;"Aire de covoiturage";-2.818309
"Aire de covoiturage de La Corne du Cerf";"D139. 56190 Arzal";ARZAL;56004;56190;56190;"Aire de covoiturage";-2.390261
"Parking Rue Leen Vihan (En Face de La Maison du Port)";"Le Crouesty. 56640 Arzon";ARZON;56005;56640;56640;"Aire de covoiturage";-2.88907
"Rond Point de Baden";"Rue de l'éle Réno. 56870 Baden";BADEN;56008;56870;56870;"Aire de covoiturage";-2.906745
"Croix Blanche";"La Croix Blanche";BAIN-DE-BRETAGNE;35012;;35470;"Aire de covoiturage";-1.68010291421574
"ZA Chateaugaillard";"Rue de la Seine";BAIN-DE-BRETAGNE;35012;;35470;"Aire de covoiturage";-1.69132066632774
"Les Landes";D60xD177;BAINS-SUR-OUST;35013;;35600;"Aire de covoiturage";-2.05742805316211
"Rue du stade";"Rue du stade";BAINS-SUR-OUST;35013;;35600;"Aire de covoiturage";-2.06984072116574
"Rue des lilas";"Rue des lilas";BALAZÉ;35015;;35500;"Aire de covoiturage";-1.18795300599971
"Pont de Baud";"Pont de Baud. 56150 Baud";BAUD;56010;56150;56150;"Aire de covoiturage";-3.017616
"Aire de covoiturage de Kermestre";"Z.A. le dresséve. 56150 Baud";BAUD;56010;56150;56150;"Aire de covoiturage";-3.010244
"Aire de covoiturage Lenn Veur";"180 Rue Jean Marie Carer. 29300 Baye";BAYE;29005;29300;29300;"Aire de covoiturage";-3.605252657
"Parking salle de sport";"Rue de la Vallée";BAZOUGE-LA-PÉROUSE;35019;;35560;"Aire de covoiturage";-1.57217338758439
"Mairie de Bécherel";Mairie;BÉCHEREL;35022;01400;35190;Parking;-1.945848333
Intercommunale;"Rennes Métropole";BÉCHEREL;35022;;35190;"Aire de covoiturage";-1.94630004256493
"Aire de covoiturage de Poulhibet";;BERNE;56014;;56240;"Aire de covoiturage";-3.384107
"La Haute Plesse";"La Haute Plesse";BETTON;35024;;35830;"Aire de covoiturage";-1.62705866596866
"Aire de covoiturage L'Orme";"Rue de l'Orme - RD 786";BINIC-ÉTABLES-SUR-MER;22055;;22520;"Aire de covoiturage";-2.826562375
"Aire de covoiturage de Bel Orient";"Parc de Bel Orient. 56140 Bohal";BOHAL;56020;56140;56140;"Aire de covoiturage";-2.455255
"Rond Point de Bel Air";"RD48 Rd Point de Bel Air";BOURG-DES-COMPTES;35033;;35890;"Aire de covoiturage";-1.674877660059
"Aire de covoiturage de Boul Sapin";"ZA de la Gare. 56700 BranDérion";BRANDERION;56021;56700;56700;"Aire de covoiturage";-3.197375
"Les 4 routes";"Les 4 routes";BRÉAL-SOUS-MONTFORT;35037;;35310;"Aire de covoiturage";-1.87775133236815
"Breal sous Vitré";"Route des Lagunes";BREAL-SOUS-VITRE;35038;;35370;"Aire de covoiturage";-1.06854432808248
"Aire de covoiturage de Kérisan";"E60. 56400 Brech";BRECH;56023;56400;56400;"Aire de covoiturage";-3.022979
"Aire de covoiturage Kerlez";"1451 Z I N 2 des Pays Bas. 29510 Briec";BRIEC;29020;29510;29510;"Aire de covoiturage";-4.029732128
"Aire de covoiturage Le Chalet";"Parking Intermarché";BROONS;22020;;22250;"Aire de covoiturage";-2.251687902
"La Louvière";"La Louvière";BRUZ;35047;;35170;"Aire de covoiturage";-1.76733307426994
"Aire de covoiturage Kerguiniou";"Giratoire RD 787 - RD 28";CALLAC;22025;;22160;"Aire de covoiturage";-3.405110898
"Aire de covoiturage de Les Vieilles Roches";"227 La Perriére. 56130 Camoél";CAMOEL;56030;56130;56130;"Aire de covoiturage";-2.385391
"Aire de covoiturage de Le Linvo";"D134. 56800 Campénéac";CAMPENEAC;56032;56800;56800;"Aire de covoiturage";-2.285434
"Aire de covoiturage Kerjeanne";"Kerjeanne. 29660 Carantec";CARANTEC;29023;29660;29660;"Aire de covoiturage";-3.923494193
"Aire de covoiturage La Villeneuve";"Parc d'Activités de la Villeneuve. Rue Général Jacques de la Bollardiére. 29270 Carhaix-Plouguer";CARHAIX-PLOUGUER;29024;29270;29270;"Aire de covoiturage";-3.539572584
"Aire de covoiturage de Le Purgatoire";"Crucuny. 56340 Carnac";CARNAC;56034;56340;56340;"Aire de covoiturage";-3.073447
"Aire de covoiturage de Kercado";"D769. 56850 Caudan";CARNAC;56034;56850;56850;"Aire de covoiturage";-3.333067
"Aire de covoiturage de Kergroix";"Kergroix. 56340 Carnac";CARNAC;56034;56340;56340;"Aire de covoiturage";-3.048336
"Aire de covoiturage de Le Grand Village";"Le Cormier. 56140 Caro";CARO;56035;56140;56140;"Aire de covoiturage";-2.336722
"Aire de covoiturage Poul Ar Saf";"27 Rue Poul ar Saf. 29150 Cast";CAST;29025;29150;29150;"Aire de covoiturage";-4.14528471
"Aire de covoiturage de Lann";"1062 Rue Jean Baptiste Martenot. 56850 Caudan";CAUDAN;56036;56850;56850;"Aire de covoiturage";-3.348774
"Aire de covoiturage La Croix Guessant";"échangeur RD 766 - RD 39";CAULNES;22032;;22350;"Aire de covoiturage";-2.117087738
"Aire de covoiturage Breizh-Izel";"RD33 - RD33A";CAVAN;22034;;22140;"Aire de covoiturage";-3.337959874
"Porte de La Rigourdiére";"La Rigourdiére";CESSON-SÉVIGNÉ;35051;01400;35510;Parking;-1.575827917
Vaux;"Porte des Longchamps";CESSON-SÉVIGNÉ;35051;;35510;"Aire de covoiturage";-1.62801740990287
Fontenay;"Rond point pôle sud";CHARTRES-DE-BRETAGNE;35066;;35131;"Aire de covoiturage";-1.69539899908647
"Ruisseau de l'Illet";"D97 sortie de bourg";CHASNÉ-SUR-ILLET;35067;;35250;"Aire de covoiturage";-1.560318985275
"Ruisseau de l'Illet";"D97 sortie de bourg";CHASNÉ-SUR-ILLET;35067;;35250;"Aire de covoiturage";-1.560318985275
"La Goulgatière";"Allée du vent d'Autan";CHÂTEAUBOURG;35068;;35220;"Aire de covoiturage";-1.41020880689733
"Parking de l'étang 1";"Boulevard du château";CHATEAUGIRON;35069;;35410;"Aire de covoiturage";-1.49922800136314
"La Cigogne";"Châteaugiron - Bel Air";CHATEAUGIRON;35069;;35410;"Aire de covoiturage";-1.48999599958178
Univer;"Route de Vern-sur-Seiche";CHATEAUGIRON;35069;;35410;"Aire de covoiturage";-1.51755167793159
"Parking de l'étang 2";;CHATEAUGIRON;35069;;35410;"Aire de covoiturage";-1.50109396776481
"Aire de covoiturage Le Pouillot";"Kroas Hent. 29150 Chateaulin";CHATEAULIN;29026;29150;29150;"Aire de covoiturage";-4.050687921
"Aire de covoiturage Kroas Lesneven";"78 ZI de Kroaz Lesneven. 29520 Chéteauneuf-du-Faou";CHATEAUNEUF-DU-FAOU;29027;29520;29520;"Aire de covoiturage";-3.822061995
"Echangeur N24";"Echangeur N24 (D334xD288)";CHAVAGNE;35076;;35310;"Aire de covoiturage";-1.79409072545584
"Parking Salle des Fétes";"3 Rue des Cerisiers. 56480 Cléguérec";CLEGUEREC;56041;56480;56480;Parking;-3.073162
"Aire de covoiturage Prat Ar C'Heff";"2 Rue de Cornouaille. 29870 Coat-Méal";"COAT MEAL";29035;29870;29870;"Aire de covoiturage";-4.545870784
L'Angevine;RD795;COMBOURG;35085;;35270;"Aire de covoiturage";-1.75304067563182
"Aire de covoiturage Ti Robin";"D144. 29120 Combrit";COMBRIT;29037;29120;29120;"Aire de covoiturage";-4.191780041
"Aire de covoiturage La Boissiére - Coat Conq";"Rue de la Forge. 29900 Concarneau";CONCARNEAU;29039;29900;29900;"Aire de covoiturage";-3.901725832
"Mairie de Confort-Meilars";"97 Rue Pen ar Bed. 29790 Confort-Meilars";CONFORT-MEILARS;29145;29790;29790;Parking;-4.426988664
"Aire de covoiturage Ster Goz";"18 Rue de Quimper. 29370 Coray";CORAY;29041;29370;29370;"Aire de covoiturage";-3.833272568
"La Lande du feu";"La Lande du feu";CORPS-NUDS;35088;;35150;"Aire de covoiturage";-1.56062840030398
"Aire de covoiturage L'Hétellerie";"RD 794";CORSEUL;22048;;22130;"Aire de covoiturage";-2.15879366
"Aire de covoiturage de Toul Garros";"38 Rue de Bretagne. 56950 Crac'h";CRACH;56046;56950;56950;"Aire de covoiturage";-3.016363
"Aire de covoiturage de Toul Garros Sud";"D768. 56950 Crac'h";CRACH;56046;56950;56950;"Aire de covoiturage";-3.015885
"Parking Intermarché";"Kerdreven. 56950 Crac'h";CRACH;56046;56950;56950;Supermarché;-2.995739
"Aire de covoiturage de Poulben";"Sclegen. 56950 Crac'h";CRACH;56046;56950;56950;"Aire de covoiturage";-2.985122
"Rue Bernard Picoult";"Rue Bernard Picoult";CREVIN;35090;;35320;"Aire de covoiturage";-1.66636511370342
"Aire de covoiturage Tal Ar Groas";"1 Route de l'Aber. 29160 Crozon";CROZON;29042;29160;29160;"Aire de covoiturage";-4.418959835
"Aire de covoiturage Moulin des Salles";"31 Route de Brest. 29460 Daoulas";DAOULAS;29043;29460;29460;"Aire de covoiturage";-4.257678045
"Rue des Elfes";"Rue des Elfes";DINARD;35093;;35800;"Aire de covoiturage";-2.05993700011187
DOL-DE-BRETAGNE;"Avenue de la Baie";DOL-DE-BRETAGNE;35095;;35120;"Aire de covoiturage";-1.72571389997891
"Rue des Genêts";"Rue des Genêts";DOMALAIN;35097;;35680;"Aire de covoiturage";-1.23679611672537
"Le Giffart";"Impasse du Giffard";DOMLOUP;35099;;35410;"Aire de covoiturage";-1.52604110220217
"Aire de covoiturage de Domloup";"Route de Vern-sur-Seiche";DOMLOUP;35099;;35410;"Aire de covoiturage";-1.519964825
"Salle des fêtes";;DOURDAIN;35101;;35450;"Aire de covoiturage";-1.36891988446051
"Salle des fêtes";;DOURDAIN;35101;;35450;"Aire de covoiturage";-1.36891988446051
"Aire de covoiturage de Lamboux";"D183. 56250 Elven";ELVEN;56053;56250;56250;"Aire de covoiturage";-2.585174
"Aire de covoiturage de Kerchoux";"Kerchoux. 56250 Elven";ELVEN;56053;56250;56250;"Aire de covoiturage";-2.551228
"Aire de covoiturage de Le Penrho";"Morigo. 56250 Treffléan";ELVEN;56053;56250;56250;"Aire de covoiturage";-2.5755
"La Lande";"Echangeur D111 - N157";ERBRÉE;35105;;35500;"Aire de covoiturage";-1.10814497866262
"Salle de sport";"Rue de la croix de l'écu";ERCÉ-PRÈS-LIFFRÉ;35107;;35340;"Aire de covoiturage";-1.51183166727924
"Salle de sport";"Rue de la croix de l'écu";ERCÉ-PRÈS-LIFFRÉ;35107;;35340;"Aire de covoiturage";-1.51183166727924
Piquet;Piquet;ÉTRELLES;35109;;35370;"Aire de covoiturage";-1.19945799515191
Cimetiere;"1 Bellevue";GOSNÉ;35121;;35140;"Aire de covoiturage";48.244639
"Aire de covoiturage Le Carpont";"5 Rue de Kerdidrun. 29850 Gouesnou";GOUESNOU;29061;29850;29850;"Aire de covoiturage";-4.461762586
"Place du Général de Gaulle";"10 Impasse Bob Gestin. 56110 Gourin";GOURIN;56066;56110;56110;Parking;-3.599405
"Aire de covoiturage de Kerbos";"678 Fretezach. 56110 Gourin";GOURIN;56066;56110;56110;"Aire de covoiturage";-3.629214
"La Corbière";35123;GOVEN;35123;35123;35123;"Aire de covoiturage";-1.78222536809566
"Parking La Corbiére";"La Corbiére";GOVEN;35123;01400;35580;Parking;-1.782343333
"Les Terres";"Les Terres";GOVEN;35123;;35580;"Aire de covoiturage";-1.8129657980926
"La Lizardais";"PA La Lizardais";GRAND-FOUGERAY;35124;;35390;"Aire de covoiturage";-1.73339499898347
"Les 4 routes";"ZA Les 4 routes";GRAND-FOUGERAY;35124;;35390;"Aire de covoiturage";-1.71728666558017
"Aire de covoiturage de Val Coric";"331 La Bonde. 56380 Guer";GUER;56075;56380;56380;"Aire de covoiturage";-2.12752
"La Courtinais";"La Courtinais";GUICHEN;35126;;35580;"Aire de covoiturage";-1.81483653236647
"Giratoire de la Taupinais";"La Taupinais D38";GUICHEN;35126;;35580;"Aire de covoiturage";-1.82984274075324
"Les Landes";"Les Landes";GUICHEN;35126;;35580;"Aire de covoiturage";-1.81115838112248
Cimetière;"Rue de Redon";GUICHEN;35126;;35580;"Aire de covoiturage";-1.77613135348884
"Aire de covoiturage Kermat";"Route de Kermat. 29410 Guiclan";GUICLAN;29068;29410;29410;"Aire de covoiturage";-3.989414044
"Aire de covoiturage de L'Estran";"9 Place de l'Arbre d'Or. 56520 Guidel";GUIDEL;56078;56520;56520;"Aire de covoiturage";-3.487474
"Aire de covoiturage de Pen Mané";"Zone Artisanale de Pen Mané. 56520 Guidel";GUIDEL;56078;56520;56520;"Aire de covoiturage";-3.460196
"La Courtinière";;GUIGNEN;35127;;35580;"Aire de covoiturage";-1.85380369245236
"Aire de covoiturage Ty Colo";"29820. D67. Guilers";GUILERS;29069;29820;29820;"Aire de covoiturage";-4.598634806
"Aire de covoiturage de La Belle Allouette";"D123. 56800 Guillac";GUILLAC;56079;56800;56800;"Aire de covoiturage";-2.499134
"Aire de covoiturage de La Pyramide";"N24. 56800 Guillac";GUILLAC;56079;56800;56800;"Aire de covoiturage";-2.483644
"Aire de covoiturage Guimiliau centre";"11 rue du Calvaire. 29400 Guimiliau";GUIMILIAU;29074;29400;29400;"Aire de covoiturage";-4.000509
"Aire de covoiturage Froutven";"105 Rue Pierre Jakez Helias. 29490 Guipavas";GUIPAVAS;29075;29490;29490;"Aire de covoiturage";-4.43966825
"Aire de covoiturage Penn Ar Forest";"penn ar forest";GUIPAVAS;29075;;29490;"Aire de covoiturage";-4.363309449
"La Plousière";"La Plousière";GUIPEL;35128;;35440;"Aire de covoiturage";-1.7183898452883
"Rue de Rennes";"Rue de Rennes";GUIPEL;35128;;35440;"Aire de covoiturage";-1.72057523779305
"Z.I Courbouton";"Z.I Coubouton";GUIPRY-MESSAC;35176;;35480;"Aire de covoiturage";-1.90697156369629
"Aire de covoiturage Botcabeur";"Route de Botcabeur. 29460 Hanvec";HANVEC;29078;29460;29460;"Aire de covoiturage";-4.155742952
"Aire de covoiturage Pont de La Corde";"14 Rue Jacques Guéguen. 29670 Henvic";HENVIC;29079;29670;29670;"Aire de covoiturage";-3.947920847
"Aire de covoiturage Saint René";"échangeur de Saint René RD 786 - RN 12";HILLION;22081;;22120;"Aire de covoiturage";-2.645109417
Cimetière;D155;HIREL;35132;;35120;"Aire de covoiturage";-1.79802972162714
"Aire de covoiturage Menez Bras";"D14. 29690 Plouyé";HUELGOAT;29081;29690;29690;"Aire de covoiturage";-3.750106041
"Les 4 routes";"Les 4 routes";IFFENDIC;35133;;35750;"Aire de covoiturage";-1.99768638870184
"Rue du lavoir";"Rue du lavoir";IRODOUËR;35135;;35850;"Aire de covoiturage";-1.9509383336427
"Aire de covoiturage Janzé Nord";"Le Hardier";JANZÉ;35136;;35150;"Aire de covoiturage";-1.537484
"Le Hardier";"ZA le bois du teillay";JANZÉ;35136;;35150;"Aire de covoiturage";-1.53536158800324
"L'Aubinière Janzé Nord";"Rue Jean-Marie Lacire";JANZÉ;35136;;35150;"Aire de covoiturage";-1.48840769717552
"Champs-Blancs Janzé Est";"sortie D41 Rd point D777";JANZÉ;35136;;35150;"Aire de covoiturage";-1.48775895020323
"Rue de L'écusson";"17 Rue des Saulniers. 56120 Josselin";JOSSELIN;56091;56120;56120;"Aire de covoiturage";-2.553786
"Aire de covoiturage Saint-Igneuc";"RD 66 - RN 176 (Delaisse RD16";JUGON-LES-LACS;22084;;22270;"Aire de covoiturage";-2.345367377
"Aire de covoiturage Le Val Joli";"RD 792 proche RN 176";JUGON-LES-LACS;22084;;22270;"Aire de covoiturage";-2.315409162
"Aire de covoiturage Loch Ar Lann";"D764. 29270 Kergloff";KERGLOFF;29089;29270;29270;"Aire de covoiturage";-3.612962056
"Aire de covoiturage de Ty Richard";"11 Kerfort. 56540 Kernascléden";KERNASCLEDEN;56264;56540;56540;"Aire de covoiturage";-3.340713
"Aire de covoiturage de Kergo-Kernous";"Kernours. 56700 Kervignac";KERVIGNAC;56094;56700;56700;"Aire de covoiturage";-3.286759
"Aire de covoiturage de Le Porzo";"Rohabon. 56700 Kervignac";KERVIGNAC;56094;56700;56700;"Aire de covoiturage";-3.238014
"Place de l'Église";"21 rue de Lesquen";"LA BAZOUGE-DU-DÉSERT";35018;;35420;"Aire de covoiturage";-1.10586745516611
"Centre maison neuve";"Rue Saint-Martin";"LA BOUËXIÈRE";35031;;35340;"Aire de covoiturage";-1.4394966671136
"Centre maison neuve";"Rue Saint-Martin";"LA BOUËXIÈRE";35031;;35340;"Aire de covoiturage";-1.4394966671136
"La Grenouillette";"La Grenouillette";"LA CHAPELLE ERBRÉE";35061;;35500;"Aire de covoiturage";-1.0916371179694
"Siège CC Bretagne Romantique";"Rue des Etangs";"LA CHAPELLE-AUX-FILTZMEENS";35056;;35190;"Aire de covoiturage";-1.82882020296592
"Parking salle de sport";"Rue de Rennes";"LA CHAPELLE-DES-FOUGERETZ";35059;;35520;"Aire de covoiturage";-1.72646737711183
"La Fossardais";"La Fossardais";"LA DOMINELAIS";35098;;35390;"Aire de covoiturage";-1.69851723527387
"Aire de covoiturage Croaz An Herry";"D764. 29690 La Feuillée";"LA FEUILLEE";29054;29690;29690;"Aire de covoiturage";-3.845220409
"Rue des Frênes";"Rue des Frênes";"LA FRESNAIE";35116;;35111;"Aire de covoiturage";-1.8449654827428
"Les Grands Champs";"Les Grands Champs";"LA GUERCHE-DE-BRETAGNE";35125;;35130;"Aire de covoiturage";-1.25017072657155
"Aire de covoiturage Bel Air";"échangeur de Bel Air RD 700-";"LA MOTTE";22155;;22600;"Aire de covoiturage";-2.755123526
"Aire de covoiturage de La Roche-Jaudy";"Rue des Ajoncs";"LA ROCHE-JAUDY";22264;;22450;"Aire de covoiturage";-3.250262
"Parking Rue du Pont Sec";"Rue du pont sec (D17)";LA-SELLE-EN-COGLÈS;35323;01400;35460;Parking;-1.341634042
"Aire de covoiturage de Porhoet";"12 Rue du Point du Jour. 56490 La Trinité-Porhoét";"LA TRINITE PORHOET";56257;56490;56490;"Aire de covoiturage";-2.535549
"Aire de covoiturage de Croix";"32 Rue de la Gare. 56250 La truee-Croix";"LA TRUEE-CROIX";56261;56250;56250;"Aire de covoiturage";-2.540475
"La Massonnais";"Rond point D706 et D806";LAIGNELET;35138;;35133;"Aire de covoiturage";-1.17051590990296
"La lande de villiers";"Bout de lande";LAILLÉ;35139;;35890;"Aire de covoiturage";-1.69692557108055
"Rue de la halte/Landret";"Rue de la Halte";LAILLÉ;35139;;35890;"Aire de covoiturage";-1.73242788473385
"Aire de covoiturage La Ville Es Lan";"échangeur de la Ville Es Lan RN12-RD768";LAMBALLE;22093;;22400;"Aire de covoiturage";-2.54833357
"Aire de covoiturage de Le Poulvern";"La Gare. 56690 Landaul";LANDAUL;56096;56690;56690;"Aire de covoiturage";-3.090235
"Parking Passille";"Rue Michel et Jean Passille";LANDEAN;35142;01400;35133;Parking;-1.153623
"Aire de covoiturage Jean Monnet";"ZA de Prat Pip. 175 rue Jean Monnet. 29800 Saint-Divy";LANDERNEAU;29103;29800;29800;"Aire de covoiturage";-4.269187605
"Aire de covoiturage de Mané Craping";"Prad er Houerh. 56690 LanDévant";LANDEVANT;56097;56690;56690;"Aire de covoiturage";-3.139936
"Aire de covoiturage Les Quatre Chemins";"Les Quatre Chemins. 29560 LanDévennec";LANDEVENNEC;29104;29560;29560;"Aire de covoiturage";-4.333813993
"Aire de covoiturage Kerivoal";"Zone de Kerioual. D69. 29400 Landivisiau";LANDIVISIAU;29105;29400;29400;"Aire de covoiturage";-4.051675766
"Aire de covoiturage de Géant";"118 Rue Andrei Sakharov. 56600 Lanester";LANESTER;56098;56600;56600;"Aire de covoiturage";-3.343389
"La Guiguenière";"Entree Sud accès par D27";LANGOUET;35146;;35630;"Aire de covoiturage";-1.82256251638921
"Parking La Guigueniére";"La Guigueniére";LANGOUET;35146;01400;35630;Parking;-1.822396848
"Aire de covoiturage Le Boutil";"Giratoire du Boutil RD 767 - RD 786";LANNION;22113;;22300;"Aire de covoiturage";-3.430629822
"Aire de covoiturage Pont Lé";"Giratoire RD 6 - RD 9";LANVOLLON;22121;;22290;"Aire de covoiturage";-2.976688639
"Les Landes de Canut";"Les Landes de Canut";LASSY;35149;;35580;"Aire de covoiturage";-1.86796315620161
"Aire de covoiturage Quiella";"Route de Rumengol. 29590 Le Faou";"LE FAOU";29053;29590;29590;"Aire de covoiturage";-4.167873871
"Place de La Mairie";"Rue de Bretagne";"LE FERRE";35111;01400;35420;Parking;-1.293845397
"Complexe Sportif Auguste Et Aimé Le Got";"8 Route de Brest. 29260 Le Folgoét";"LE FOLGOET";29055;29260;29260;Parking;-4.33850186
"Poteau de Kergentil";"Le Poteau de Kergentil. 56190 Le Guerno";"LE GUERNO";56077;56190;56190;"Aire de covoiturage";-2.404357
"Aire de covoiturage de Le Hezo";"2 Rue er Vreneguy. 56450 Le Hézo";"LE HEZO";56084;56450;56450;"Aire de covoiturage";-2.694201
"La Chonette";"Rue des Mares";"LE QUIOU";22263;;22630;"Aire de covoiturage";-2.00724548541814
"Aire de covoiturage Kergleuz";"4 Rue Robert Schuman. 29480 Le Relecq-Kerhuon";"LE RELECQ-KERHUON";29235;29480;29480;"Aire de covoiturage";-4.407923978
"Pont d'avoine";"16 rue nationale";"LE RHEU";35240;;35650;"Aire de covoiturage";-1.76556013063563
"Parking La Sablonniére";"Rue de la Sablonniére";"LE THEIL-DE-BRETAGNE";35333;01400;35240;Parking;-1.396523667
"Bourg neuf";"Bourg neuf";"LE THEIL-DE-BRETAGNE";35333;;35240;"Aire de covoiturage";-1.41908166743692
"La Sablonnière";"Proche de la D41 Rennes-Angers mais pas située directement sur l'échangeur. Sur la D47 entre le bourg de Retiers et l'échangeur.";"LE THEIL-DE-BRETAGNE";35333;;35240;"Aire de covoiturage";-1.39652366715846
"Place de L'Eglise";"9 Lotissement Communal le Fougeri. 56370 Le Tour-du-Parc";"LE TOUR-DU-PARC";56252;56370;56370;Parking;-2.650718
Villeneuve;"VC face à la Zone de la Pilais";LÉCOUSSE;35150;;35133;"Aire de covoiturage";-1.23311744375032
"Aire de covoiturage Ty Blaise";"103 Ty Blaise. 29190 Lennon";LENNON;29123;29190;29190;"Aire de covoiturage";-3.902552406
"Aire de covoiturage L'Escargot";"RD 792 proche RN 176";"LES MOULINS";22183;;22210;"Aire de covoiturage";-2.59100542
"La croix de la mission";"La croix de la mission";LIFFRÉ;35152;;35340;"Aire de covoiturage";-1.49582366618066
"La Reposée";"Rue de Rennes";LIFFRÉ;35152;;35340;"Aire de covoiturage";-1.52641333319941
"La croix de la mission";"La croix de la mission";LIFFRÉ;35152;;35340;"Aire de covoiturage";-1.49582366618066
"La Reposée";"Rue de Rennes";LIFFRÉ;35152;;35340;"Aire de covoiturage";-1.52641333319941
"Aire de covoiturage de Sainte Catherine";"213 Sainte-Catherine. 56460 Lizio";LIZIO;56112;56460;56460;"Aire de covoiturage";-2.4944
"Aire de covoiturage de Champ";"33 Rue du Géneral De Gaulle. 56390 Grand-Champ";LOCMARIA-GRAND-CHAMP;56115;56390;56390;"Aire de covoiturage";-2.848733
"Aire de covoiturage de Collec";"D767A. 56390 Locmaria-Grand-Champ";LOCMARIA-GRAND-CHAMP;56115;56390;56390;"Aire de covoiturage";-2.781111
"Parking Carrefour Market";"20 Les Maisons du Verger. 56500 Locminé";LOCMINE;56117;56500;56500;Supermarché;-2.828877
"Echangeur de Lohéac";"rue de chateaubriant pres du sade";LOHÉAC;35155;;35550;"Aire de covoiturage";-1.88101412766708
"Aire de covoiturage Kéranc'Hoat";"24 Rue de la Gare. 29470 Loperhet";LOPERHET;29140;29470;29470;"Aire de covoiturage";-4.307951837
"Aire de covoiturage Porhoet";"RD 700 - RD 778";LOUDÉAC;22136;;22600;"Aire de covoiturage";-2.735771957
"Aire de covoiturage La Fourchette";RD700-RN164-RD786;LOUDÉAC;22136;;22600;"Aire de covoiturage";-2.753325074
"Place de Bretagne";"Place de Bretagne";LOUVIGNÉ-DU-DÉSERT;35162;01400;35420;Parking;-1.125030626
"Place de La Mairie";"Place de la Mairie";LOUVIGNÉ-DU-DÉSERT;35162;01400;35420;Parking;-1.124522971
"Place du 8 mai 45";"Place du 8 mai 45";LOUVIGNÉ-DU-DÉSERT;35162;;35420;"Aire de covoiturage";-1.12147015171582
"Aire de covoiturage de Loyat";"D766. 56800 Loyat";LOYAT;56122;56800;56800;"Aire de covoiturage";-2.379918
"Echangeur 30 - ZA Saint-Eustache";"D3155 - La Bassetais";"MAEN ROCH";35257;;35460;"Aire de covoiturage";-1.31243028894358
"Parking Super U";"Parc d'Activités de la Chaussée. 56220 Malansac";MALANSAC;56123;56220;56220;Supermarché;-2.300409
"Echangeur Sud";"Avenue du Général de Gaulle";MARTIGNÉ-FERCHAUD;35167;;35640;"Aire de covoiturage";-1.32166233409256
Saint-Morand;"Echangeur de Saint-Morand";MARTIGNÉ-FERCHAUD;35167;;35640;"Aire de covoiturage";-1.27719355160516
"Aire de covoiturage Le Stade";RD13;MATIGNON;22143;;22550;"Aire de covoiturage";-2.296072962
Bellevue;Bellevue;MAURE-DE-BRETAGNE;35168;;35330;"Aire de covoiturage";-1.9911113350743
"Aire de covoiturage de Voie Verte";"La Grée Aga. 56430 Mauron";MAURON;56127;56430;56430;"Aire de covoiturage";-2.271058
Maxent;;MAXENT;35169;;35380;"Aire de covoiturage";-2.03042301192006
"Salle polyvalente";"Rue de Montreuil";MELESSE;35173;;35520;"Aire de covoiturage";-1.69770433916455
Cimetière;"Rue de Rennes";MELESSE;35173;;35520;"Aire de covoiturage";-1.69747500054249
"Aire de covoiturage Kerampaou (Kercorey)";"Aire de covoiturage de Kerampaou. Burleo. 29140 Melgven";MELGVEN;29146;29140;29140;"Aire de covoiturage";-3.800855592
"Parking de la Rue Rouviel";"6 Rue Rouviel";MELLE;35174;;35420;"Aire de covoiturage";-1.18793889504592
"Parking de La Maison de Santé";"17 Rue du Porhoét. 56490 Ménéac";MENEAC;56129;56490;56490;Parking;-2.463628
"Aire de covoiturage Pen Ar Guéar";"340 Rue Messire Jean Kerebel. 29290 Milizac";MILIZAC;29149;29290;29290;"Aire de covoiturage";-4.562064728
"La Costardais";"Parking de la gare";MINIAC-MORVAN;35179;;35540;"Aire de covoiturage";-1.91460933166711
Intermarché;"3 Rue de Kerdiaoulig. 29350 Moélan-sur-Mer";MOËLAN-SUR-MER;29150;29350;29350;Supermarché;-3.631399288
"Rue de Dinan";"Rue de Dinan";MONTAUBAN-DE-BRETAGNE;35184;;35360;"Aire de covoiturage";-2.04743866675572
"MONTREUIL DES LANDES";;MONTREUIL-DES-LANDES;35192;;35210;"Aire de covoiturage";-1.22416046819579
"Les Vergers";"Les Vergers";MOUAZÉ;35197;;35250;"Aire de covoiturage";-1.62444947139616
"Parking de la Mairie";"rue de la Metrie";MOULINS;35198;;35680;"Aire de covoiturage";-1.37190399623665
"Aire de covoiturage Michelle Le Brun";"Croisement route de Pontivy et rue Michelle Le Brun";"MUR DE BRETAGNE";22158;;22530;"Aire de covoiturage";-2.989523491
"Aire de covoiturage de Terre Océan";"E60. 56190 Ambon";MUZILLAC;56143;56190;56190;"Aire de covoiturage";-2.501261
"Pont Suspendu";"Le Pont. Boulevard de Bretagne. 56130 Nivillac";NIVILLAC;56147;56130;56130;"Aire de covoiturage";-2.303977
"Aire de covoiturage de Le Gohéléve";"Rue Jean Perrin. 56920 Noyal-Pontivy";"NOYA- PONTIVY";56151;56920;56920;"Aire de covoiturage";-2.941609
"Rue Lavoisier";"Rue Lavoisier";NOYAL-CHÂTILLON-SUR-SEICHE;35206;;35230;"Aire de covoiturage";-1.68343790083127
"Espace Nominoë";"Rue Julien Neveu";NOYAL-SUR-VILAINE;35207;;35530;"Aire de covoiturage";-1.52818191449501
"Parking La Fouaye";Fouaye;PACÉ;35210;01400;35590;Parking;-1.808701333
Cimetière;"Boulevard du Duc Jean V";PACÉ;35210;;35740;"Aire de covoiturage";-1.7696086669414
"Les Sorinais";"Rond point des Sorinais";PACÉ;35210;;35740;"Aire de covoiturage";-1.77217967770879
"Aire de covoiturage La Lande Blanche";"Giratoire de la Lande Blanche RD786-RD7";PAIMPOL;22162;;22500;"Aire de covoiturage";-3.041335092
"Rue des Forges";"Rue des Forges";PAIMPONT;35211;;35380;"Aire de covoiturage";-2.16960717226744
"Place des Jardins";"34 Rue du Galerie de Gaulle. 56130 Péaule";PEAULE;56153;56130;56130;"Aire de covoiturage";-2.361207
"Le Fouteau";"Echangeur D117 x D777";PIPRIAC;35219;;35550;"Aire de covoiturage";-1.91846850286215
"La Secouette";"Echangeur D177 x D59";PIPRIAC;35219;;35550;"Aire de covoiturage";-1.92760078462441
"Aire de covoiturage de Pipriac";"Le Fouteau";PIPRIAC;35219;;35550;"Aire de covoiturage";-1.918255
"Le ballon";"Le Ballon";PIRÉ-SUR-SEICHE;35220;;35150;"Aire de covoiturage";-1.39939148093098
"Aire de covoiturage Gare du Lac";"58 Avenue de Waltenhofen. 29860 Plabennec";PLABENNEC;29160;29860;29860;"Aire de covoiturage";-4.430842377
"Aire de covoiturage L'Arguenon";"RD 768";PLANCOËT;22172;;22130;"Aire de covoiturage";-2.228547235
"Aire de covoiturage de Le Croazo";"Etang Du Boler. Le Croiseau. 56420 Plaudren";PLAUDREN;56157;56420;56420;"Aire de covoiturage";-2.685105
"Aire de covoiturage La Croix denis";"échangeur de la Croix Denis RD 700-RD10";PLEDRAN;22176;;22960;"Aire de covoiturage";-2.781909681
"Les Korrigans";"Rue des Korrigans";PLÉLAN-LE-GRAND;35223;;35380;"Aire de covoiturage";-2.089015602683655
"Aire multimodale de Plélan-le-Grand";"Rue des Korrigans";PLÉLAN-LE-GRAND;35223;;35380;"Aire de covoiturage";-2.089132793124
Tregu;Tregu;PLÉLAN-LE-GRAND;35223;;35380;"Aire de covoiturage";-2.08493329878114
"Aire de covoiturage Les Vallées";"Giratoire sud de l'échangeur des Vallées RN 12 - RD 792";PLÉNÉE-JUGON;22185;;22640;"Aire de covoiturage";-2.359683391
"Aire de covoiturage Les Mimosas";"Rue des Mimosas";PLÉRIN;22187;;22190;"Aire de covoiturage";-2.769916279
"La Grignardais";"Echangeur de la Grignardais RN176/RD766";PLESLIN-TRIGAVOU;22190;;22490;"Aire de covoiturage";-2.04078443071613
Pleugueneuc;"Echangeur D137";PLEUGUENEUC;35226;;35720;"Aire de covoiturage";-1.90637866673174
"Le Plessix blanc";"Le Plessix blanc";PLEUMELEUC;35227;;35137;"Aire de covoiturage";-1.92140337176171
"Aire de covoiturage Penhoat Salaun";"ZAC de Penhoat Salaun. Pole Commercial Quai 29. 29170 Pleuven";PLEUVEN;29161;29170;29170;"Aire de covoiturage";-4.027307333
"Aire de covoiturage de Groéz-Ven";"3 Rue du Groez Ven. 56400 Ploemel";PLOEMEL;56161;56400;56400;"Aire de covoiturage";-3.071279
"Aire de covoiturage de Corn Er Hoét";"Corn er Hoét. 56400 Ploemel";PLOEMEL;56161;56400;56400;"Aire de covoiturage";-3.041004
"Aire de covoiturage de Les deux Moulins";"11 Impasse des Korrigans. 56880 Ploeren";PLOEREN;56164;56880;56880;"Aire de covoiturage";-2.860431
"Aire de covoiturage de Ronsouze";"ZI de Camagnon. 56800 Ploérmel";PLOËRMEL;56165;56800;56800;"Aire de covoiturage";-2.383223
"Aire de covoiturage Kérandoaré";"17 Kerandoaré. 29710 Plogastel-Saint-Germain";PLOGASTEL-SAINT-GERMAIN;29167;29710;29710;"Aire de covoiturage";-4.271148516
"Aire de covoiturage Kertédevant";"échangeur de Kertédevant RD 7 - RN 12";PLOUAGAT;22206;;22170;"Aire de covoiturage";-2.968602739
"Place du 19 Mars 1962";"Rue François Letellier";PLOUASNE;22208;;22830;"Aire de covoiturage";-2.00705544325251
"Aire de covoiturage de Manério";"9 Rue Paul Serusier. 56240 Plouay";PLOUAY;56166;56240;56240;"Aire de covoiturage";-3.332793
"Aire de covoiturage de Kerfétan";"Prateno. 56240 Plouay";PLOUAY;56166;56240;56240;"Aire de covoiturage";-3.306063
"Aire de covoiturage de Kerauzern";"Route de Kerauzern";PLOUBEZRE;22211;;22300;"Aire de covoiturage";-3.444913
"Aire de covoiturage Saint-Eloi";"119 Le Rest. 29260 Ploudaniel";PLOUDANIEL;29179;29260;29260;"Aire de covoiturage";-4.289608112
"Aire de covoiturage Croas Ar Rod";"D32. 29260 Ploudaniel";PLOUDANIEL;29179;29260;29260;"Aire de covoiturage";-4.309931516
"Aire de covoiturage Les Quatre Chemins";"70 Les Quatre Chemins. 29650 Plouégat-Moysan";PLOUÉGAT-MOYSAN;29183;29650;29650;"Aire de covoiturage";-3.605819376
"La Chiennais";"Echangeur de la Chiennais RN176/RD12";PLOUER-SUR-RANCE;22213;;22490;"Aire de covoiturage";-2.01332826218556
"Aire de covoiturage Keraudy";"4 Rue de la Forge. 29217 Plougonvelin";PLOUGONVELIN;29190;29217;29217;"Aire de covoiturage";-4.720745248
"Aire de covoiturage de Zone du Keneah";"Zone commerciale du Kenyah Nord. Le Kenyah. Route de Mériadec. 56400 Plougoumelen";PLOUGOUMELEN;56167;56400;56400;"Aire de covoiturage";-2.897153
"Aire de covoiturage La Ville Louis";"Giratoire RN 134 - RD 764";PLOUGUERNEVEL;22220;;22110;"Aire de covoiturage";-3.297438299
"Aire de covoiturage Gorréquéar";"13 D26. 29830 Plouguin";PLOUGUIN;29196;29830;29830;"Aire de covoiturage";-4.602263502
"Place Jean Guillou";"2 Rue Jean Guillou. 29780 Plouhinec";PLOUHINEC;29197;29780;29780;Parking;-4.484518331
"Aire de covoiturage de Manéguen";"20 Maneguen. 56680 Plouhinec";PLOUHINEC;56169;56680;56680;"Aire de covoiturage";-3.220152
"Aire de covoiturage Lan Kerdilés";"D64. 29610 Plouigneau";PLOUIGNEAU;29199;29610;29610;"Aire de covoiturage";-3.715960142
"Aire de covoiturage Kernilien";"échangeur de Kernilien RD 767 - RN 12";PLOUISY;22223;;22200;"Aire de covoiturage";-3.20665538
"Aire de covoiturage La Chesnaye";"échangeur de La Chesnaye RN 12 - RD5";PLOUMAGOAR;22225;;22200;"Aire de covoiturage";-3.149353026
"Aire de covoiturage de Ploumilliau";"Giratoire de la Croix Rouge";PLOUMILLIAU;22226;;22300;"Aire de covoiturage";-3.522964
"Aire de covoiturage Beg Ar C'Hra";"échangeur de Beg Ar C'hra RN 12 - RD 11";PLOUNÉVEZ-MOËDEC;22228;;22810;"Aire de covoiturage";-3.498991816
"Aire de covoiturage Sainte-Catherine";"1 Le Pont Neuf. 22340 Treffrin";PLOUNÉVÉZEL;29205;22340;22340;"Aire de covoiturage";-3.546483865
"Aire de covoiturage Berven centre";"place du champ de foire. 29440 Plouzévédé";PLOUZÉVÉDÉ;29213;29440;29440;"Aire de covoiturage";-4.11275
"Aire de covoiturage Ti Lipig";"336 Kerbenhir. 29700 Pluguffan";PLUGUFFAN;29216;29700;29700;"Aire de covoiturage";-4.168375413
"Aire de covoiturage de Mériadec";"5 Rue Parfait Pobeguin. 56400 Plumergat";PLUNERET;56176;56400;56400;"Aire de covoiturage";-2.897984
"Aire de covoiturage de Ker Go Ho";"64 Rue de Kersalé. 56400 Pluneret";PLUNERET;56176;56400;56400;"Aire de covoiturage";-2.955165
"La Massais";"D777 - C6";POCÉ-LES-BOIS;35229;;35500;"Aire de covoiturage";-1.22735794174372
"Parking du Terrain de Foot";"38 Rue des Tailleurs de Pierre";POILLEY;35230;01400;35420;Parking;-1.263926777
POLIGNE;"Rue de Rennes";POLIGNE;35231;;35320;"Aire de covoiturage";-1.68709046317441
"Aire de covoiturage de Ninijo Route de Quimperlé";"16 Rue Chéteaubriand. 56620 Pont-Scorff";PONT-SCORFF;56179;56620;56620;"Aire de covoiturage";-3.41245
"Route de Lorient";"2-4 Rue Kroez Forn. 56620 Pont-Scorff";PONT-SCORFF;56179;56620;56620;"Aire de covoiturage";-3.404594
"Parking E.Leclerc St Niel";"85 Avenue de la Libération. 56300 Pontivy";PONTIVY;56178;56300;56300;Supermarché;-2.945259
"Aire de covoiturage La Ville Auvray";"RD788- ZA de la Ville Auvray";PORDIC;22251;;22590;"Aire de covoiturage";-2.81084774
"Parking de la Côte Rouge";"Côte Rouge 56290 Port Louis";"PORT LOUIS";56181;56290;56290;"Aire de covoiturage";-3.3413
"Aire de covoiturage Foennec Veur";"Foennec Veur. 29100 Pouldergat";POULDERGAT;29224;29100;29100;"Aire de covoiturage";-4.32923363
"Rue de Saint-Brieuc";"Rue de Saint-Brieuc";QUÉDILLAC;35234;;35290;"Aire de covoiturage";-2.14361754196861
"Aire de covoiturage de Bel Air";"2 Avenue de Bel air. 56230 Questembert";QUESTEMBERT;56184;56230;56230;"Aire de covoiturage";-2.449324
"Aire de covoiturage de Le Petit Molac";"D775. 56230 Questembert";QUESTEMBERT;56184;56230;56230;"Aire de covoiturage";-2.424241
"Parking Leroy Merlin";"D765. 56530 Quéven";QUÉVEN;56185;56530;56530;Supermarché;-3.425165
"Bel Air";"Echangeur RN176/RD 766";QUÉVERT;22259;;22100;"Aire de covoiturage";-2.0924504890629
"LES CHAMPS BLANCS";"Echangeur RN176/RD 766";QUÉVERT;22259;;22100;"Aire de covoiturage";-2.09219299795097
"LA LANDE SEGUIN";"Echangeur RN176/RD766";QUÉVERT;22259;;22100;"Aire de covoiturage";-2.09013306066279
QUEVERT;"rue de violette";QUÉVERT;22259;;22100;"Aire de covoiturage";-2.06731094710314
"Aire de covoiturage Park Poullic";"1 D770. 29000 Quimper";QUIMPER;29232;29000;29000;"Aire de covoiturage";-4.08346776
"Aire de covoiturage Kernevez";"279 Route de Douarnenez. 29000 Quimper";QUIMPER;29232;29000;29000;"Aire de covoiturage";-4.147025891
"Aire de covoiturage Troyalac'H";"494 Route de Rosporden. 29000 Quimper";QUIMPER;29232;29000;29000;"Aire de covoiturage";-4.015627955
"Aire de covoiturage Kervidanou";"1 Péle d'Act Kervidanou 3. 29300 Mellac";QUIMPERLÉ;29233;29300;29300;"Aire de covoiturage";-3.584241427
Paimbaudière;"Rond-Point Rannée";RANNÉE;35235;;35130;"Aire de covoiturage";-1.25275514259802
"Aire de covoiturage Le Croéziou";"22 D62. 29300 Rédené";RÉDENÉ;29234;29300;29300;"Aire de covoiturage";-3.465483954
"Aire de covoiturage Kerfleury";"Petit Kérozec. 29300 Rédené";RÉDENÉ;29234;29300;29300;"Aire de covoiturage";-3.5093068
"Point Stop";"Chemin de Halage";REDON;35236;;35600;"Aire de covoiturage";-2.09981583277041
"Point de dépose Surcouf Maillardais";"quai Surcouf rue de la Maillardais";REDON;35236;;35600;"Aire de covoiturage";-2.08772631487871
"La Brandais";"La Brandais";RENNES;35238;;35000;"Aire de covoiturage";-1.62572337303651
"Retiers Echangeur Sud";"Le Houssais";RETIERS;35239;;35240;"Aire de covoiturage";-1.36999509703985
"Aire de covoiturage Kerandréo";"D4. 29340 Riec-sur-Bélon";RIEC-SUR-BÉLON;29236;29340;29340;"Aire de covoiturage";-3.70053248
"Le Chêne des Bouteilles";"Croisement D20 x D775";RIEUX;56194;;56350;"Aire de covoiturage";-2.14849843469723
"Le Pâtis Buret";"Le Pâtis Buret";RIVES-DU-COUESNON;35293;;35140;"Aire de covoiturage";-1.35766633208634
"Place du Chéteau";"11 Rue de Kerentree. 56580 Rohan";ROHAN;56198;56580;56580;"Aire de covoiturage";-2.753222
"ZA des estuaires";"ZA des estuaires";ROMAGNÉ;35243;;35133;"Aire de covoiturage";-1.2901130011969
"PLACE DU MARCHE";"PLACE DU MARCHE";SAINT-COULOMB;35263;;35350;"Aire de covoiturage";-1.91419937973604
"Le Tertre Haut";"Rue le Tertre haut";SAINT-JEAN-SUR-VILAINE;35283;;35220;"Aire de covoiturage";-1.36462170693727
L'Isle;"Rue de la Ville Jouet";SAINT-JOUAN-DE-L'ISLE;22305;;22350;"Aire de covoiturage";-2.15696398349496
"Aire de covoiturage de Le Val D'Oust";"D764. 56460 La Chapelle-Caro";SAINT-ABRAHAM;56202;56460;56460;"Aire de covoiturage";-2.421713
"Parking de l'If";;SAINT-ANDRE-DES-EAUX;22274;;22630;"Aire de covoiturage";-2.00753540694381
"Aire de covoiturage de Armel";"7 Route du Bel air. 56450 Saint-Armel";SAINT-ARMEL;56205;56450;56450;"Aire de covoiturage";-2.714008
"Les Lacs";"Gare des Lacs";"SAINT-AUBIN DES LANDES";35252;;35500;"Aire de covoiturage";-1.32097331590942
"Rue de Rennes";"Rue de Rennes";SAINT-AUBIN-D'AUBIGNÉ;35251;;35250;"Aire de covoiturage";-1.60556798366633
"La Mottais";"ZA de la Mottais";SAINT-AUBIN-DU-CORMIER;35253;;35140;"Aire de covoiturage";-1.41356166719094
"La Mottais";"ZA de la Mottais";SAINT-AUBIN-DU-CORMIER;35253;;35140;"Aire de covoiturage";-1.41356166719094
"Saint Christophe des Bois";"Rue du Relais des forges";SAINT-CHRISTOPHE-DES-BOIS;35260;;35210;"Aire de covoiturage";-1.24501513672047
"Aire du rocher";"Echangeur D137";SAINT-DOMINEUC;35265;;35190;"Aire de covoiturage";-1.87419933248589
"Aire de covoiturage de Lénunes";"3 Rue de Ker Anna. 56400 Sainte-Anne-d'Auray";SAINTE-ANNE-D'AURAY;56263;56400;56400;"Aire de covoiturage";-2.955411
"P.A du Guenet";"Z.A la Lande des Guénet";SAINTE-MARIE;35294;;35600;"Aire de covoiturage";-2.02116022305832
"Aire de covoiturage Coat Conval";"D785. 29600 Sainte-Séve";SAINTE-SÉVE;29265;29600;29600;"Aire de covoiturage";-3.879252377
"Za Saint-Eustache";D3155;SAINT-ÉTIENNE-EN-COGLÈS;35267;01400;35460;Parking;-1.312430289
"Le Clos Richard";"Le Clos Richard";SAINT-GEORGES-DE-GREHAIGNE;35270;;35610;"Aire de covoiturage";-1.53660990624367
"Place de la Mairie";"Place de la Mairie";SAINT-GEORGES-DE-REINTEMBAULT;35271;;35420;"Aire de covoiturage";-1.24341595995281
Fouaye;Fouaye;SAINT-GILLES;35275;;35590;"Aire de covoiturage";-1.80870133400004
"Rue d'Ouessant";"Rue d'Ouessant";SAINT-GRÉGOIRE;35278;;35760;"Aire de covoiturage";-1.68842967730149
"Parking Pierre Glet";"36 Rue de la Fontaine Froide. 56350 Saint-Jean-la-Poterie";SAINT-JEAN-LA-POTERIE;56223;56350;56350;Parking;-2.134009
"Rue de St Goustan";"Korrigans. 56370 Sarzeau";SAINT-JEAN-LA-POTERIE;56214;56370;56370;"Aire de covoiturage";-2.804453
"Aire de covoiturage Kergoét";"Entrée Station Galivel";SAINT-JOUAN-DE-L'ISLE;22305;;22350;"Aire de covoiturage";-2.188097311
"Place des Grandes Eves";"Rue de la Ville";SAINT-JUVAT;22308;;22630;"Aire de covoiturage";-2.04532412561966
GARE;;SAINT-MALO;35288;;35400;"Aire de covoiturage";-2.00610140539623
"Rue Louis Pasteur";"Rue Louis Pasteur";SAINT-MEEN-LE-GRAND;35297;;35290;"Aire de covoiturage";-2.17094666742155
"Aire de covoiturage Le Ruellou";"RD 790-RD5";SAINT-NICOLAS-DU-PÉLEM;22321;;22480;"Aire de covoiturage";-3.162659448
"Aire de covoiturage de Kerboulard";"D775. 56250 Saint-Nolff";SAINT-NOLFF;56231;56250;56250;"Aire de covoiturage";-2.633671
"Aire de covoiturage Tevenn Ar Reut";"8 Rue de Theven Ar Reut. 29830 Saint-Pabu";SAINT-PABU;29257;29830;29830;"Aire de covoiturage";-4.611350472
"Aire de covoiturage de Saint-Péran";"Rue de la Mairie";SAINT-PÉRAN;35305;;35380;"Aire de covoiturage";-2.05848088232042
"Le Fort Saint-Père";"Echangeur de Châteauneuf d'Ille-et-Vilaine";SAINT-PÈRE-MARC-EN-POULET;35306;;35430;"Aire de covoiturage";-1.92342833858651
"Saint-Père Centre";"Rue Arthur Regnault";SAINT-PÈRE-MARC-EN-POULET;35306;;35430;"Aire de covoiturage";-1.92438708623697
"Parking Angle Avenue de Bretagne Et Rue Général de Gaulle";"6564 Rue de la Batterie. 56510 Saint-Pierre-Quiberon";SAINT-PIERRE-QUIBERON;56234;56510;56510;Parking;-3.134753
"Aire de covoiturage Ti Raden";"Ty Raden. 29590 Saint-Ségal";SAINT-SÉGAL;29263;29590;29590;"Aire de covoiturage";-4.076218395
"Le Petit Rocher";"Echangeur D137";SAINT-SYMPHORIEN;35317;;35630;"Aire de covoiturage";-1.80159382527405
"Aire de covoiturage Saint-Thégonnec";"D118. 29410 Saint-Thégonnec";"SAINT-THÉGONNEC LOC-EGUINER";29266;29410;29410;"Aire de covoiturage";-3.940298016
Cossinade;Cossinade;SAINT-THURIAL;35319;;35310;"Aire de covoiturage";-1.9279816304331
"Place de L'Eglise";"15 Place de l'église. 29800 Saint-Urbain";SAINT-URBAIN;29270;29800;29800;Parking;-4.228609424
"Parking Salle Polyvalente";"7 Rue André Fleury. 56350 Saint-Vincent-sur-Oust";SAINT-VINCENT-SUR-OUST;56239;56350;56350;Parking;-2.147792
"Aire de covoiturage de Saint Colombier";"St-Colombier Embranchement RD 780. 56370 Sarzeau";SARZEAU;56240;56370;56370;"Aire de covoiturage";-2.720736
"Aire de covoiturage Sens-De-Bretagne";"Stade Emile Logeais";SENS-DE-BRETAGNE;35326;;35490;"Aire de covoiturage";-1.527401756
"Croix Couverte";"Rue Philippe de Volvire";SENS-DE-BRETAGNE;35326;;35490;"Aire de covoiturage";-1.52762191380769
"Aire de covoiturage de Le Gros Chéne";"D10. 56460 Sérent";SERENT;56244;56460;56460;"Aire de covoiturage";-2.435421
Gare;"Halte SNCF";SERVON-SUR-VILAINE;35327;;35530;"Aire de covoiturage";-1.4654497106746
"Aire de covoiturage Ar Golenn";"40 Rue de Cornouaille. 29450 Sizun";SIZUN;29277;29450;29450;"Aire de covoiturage";-4.079011517
DOMBRIAND;"Echangeur RN176/RD156";TADEN;22339;;22100;"Aire de covoiturage";-2.04222717172548
"LA MERELLE";"Intersection RN176";TADEN;22339;;22100;"Aire de covoiturage";-2.06053693020587
"Debussy - Chardonnay";"Place Debussy-Chadonnay";TEILLAY;35332;;35620;"Aire de covoiturage";-1.53937933250262
"Aire de covoiturage de Croix Lann";"La Croix de la Lande. 56450 Theix";THEIX-NOYALO;56251;56450;56450;"Aire de covoiturage";-2.614355
"Aire de covoiturage de Theix Rond Point de Since";"Since. 56450 Theix";THEIX-NOYALO;56251;56450;56450;"Aire de covoiturage";-2.681642
"Porte de Tizé";"Porte de Tizé - rocade Est";THORIGNÉ-FOUILLARD;35334;;35235;"Aire de covoiturage";-1.57978266609838
"Rue de la Libération";"Place Pierre et Marie Curie";THOURIE;35335;;35134;"Aire de covoiturage";-1.47938466661554
"Les Vairies";"Echangeur D137 / route de Saint-Thual";TINTÉNIAC;35337;;35190;"Aire de covoiturage";-1.85252366550939
Montigné;"Echangeur Montigné";TORCÉ;35338;;35370;"Aire de covoiturage";-1.27117300600675
"Aire de covoiturage Croix de L'Epine";"RN12 - RD44";TRAMAIN;22341;;22640;"Aire de covoiturage";-2.395596168
"Aire de covoiturage de Trebeurden";"Giratoire route de Lan ar Cleis / Route de Lannion";TRÉBEURDEN;22343;;22560;"Aire de covoiturage";-3.551272
"Parc activités La Gare";;TREFFENDEL;35340;;35380;"Aire de covoiturage";-2.0132269000696
"Les Faluns";"Route de Pluasne";TREFFUMEL;22352;;22630;"Aire de covoiturage";-2.02521404230652
"Aire de covoiturage La Crarée";"échangeur de la Crarée RD 10 - RD 27 - RD 222";TRÉGUEUX;22360;;22950;"Aire de covoiturage";-2.750257156
"Aire de Rance-Frémur";"Giratoire D266/D118";TRÉMÉREUC;22368;;22490;"Aire de covoiturage";-2.05988842858108
"Aire de covoiturage L'Aéroport";"RN12 - RD 706";TRÉMUSON;22372;;22170;"Aire de covoiturage";-2.859697266
"Aire de covoiturage de Trimer";"Le Bourg";TRIMER;35346;;35190;"Aire de covoiturage";-1.89299452427182
"Aire de covoiturage Berlouze";"Giratoire de Berlouze RD 35 - RD 700";UZEL;22384;;22460;"Aire de covoiturage";-2.826654417
"Aire de covoiturage de Atlanville";"2 Rue Aristide Boucicaut. 56000 Vannes";VANNES;56260;56000;56000;"Aire de covoiturage";-2.789974
"Rond Point des 3 Rois";"21 Rue de Kerbiquette. 56000 Vannes";VANNES;56260;56000;56000;"Aire de covoiturage";-2.769405
Vergéal;"Rue de la Mairie";VERGÉAL;35350;;35680;"Aire de covoiturage";-1.26399729323663
"Les Orgeries";"Les Orgeries";VERN-SUR-SEICHE;35352;;35770;"Aire de covoiturage";-1.60558191626882
"Le Bas Champ";"Le Bas Champ";VIGNOC;35356;;35630;"Aire de covoiturage";-1.77293423227139
"Aire de covoiturage Les Broussettes";"échangeur RN 176 - RD 776";VILDÉ-GUINGALAN;22388;;22100;"Aire de covoiturage";-2.144430388
"Place Vincent Van Gogh";"Place Vincent Van Gogh";VILLAMÉE;35357;;35420;"Aire de covoiturage";-1.22080977457693
"Parc d'activités La Baratière";"PA La Baratière";VITRÉ;35360;;35500;"Aire de covoiturage";-1.21606233176827
