name,postal_code,insee_code,latitude,longitude
Allaire,56350,56001,47.633338,-2.176899
Ambon,56190,56002,47.584446,-2.545577
Arbrissel,35130,35005,47.9276331656866,-1.30347200045056
Arradon,56610,56003,47.64101,-2.818309
Arzal,56190,56004,47.53387,-2.390261
Arzon,56640,56005,47.545612,-2.88907
Baden,56870,56008,47.621141,-2.906745
Bain-de-bretagne,35470,35012,47.8537137505543,-1.68010291421574
Bains-sur-oust,35600,35013,47.6903561648678,-2.05742805316211
BalazÉ,35500,35015,48.1669917471799,-1.18795300599971
Baud,56150,56010,47.864843,-3.017616
Baye,29300,29005,47.85639796,-3.605252657
Bazouge-la-pÉrouse,35560,35019,48.4270692733778,-1.57217338758439
Becherel,35190,35022,48.29712467,-1.945848333
Berne,56240,56014,47.94957,-3.384107
Betton,35830,35024,48.1799018316766,-1.62705866596866
Binic-Étables-sur-mer,22520,22055,48.59408176,-2.826562375
Bohal,56140,56020,47.781561,-2.455255
Bourg-des-comptes,35890,35033,47.9294120395669,-1.674877660059
Branderion,56700,56021,47.782196,-3.197375
BrÉal-sous-montfort,35310,35037,48.061167083203,-1.87775133236815
Breal-sous-vitre,35370,35038,48.0992454216502,-1.06854432808248
Brech,56400,56023,47.683491,-3.022979
Briec,29510,29020,48.10050821,-4.029732128
Broons,22250,22020,48.3223247,-2.251687902
Bruz,35170,35047,48.0264241458626,-1.76733307426994
Callac,22160,22025,48.40856996,-3.405110898
Camoel,56130,56030,47.483215,-2.385391
Campeneac,56800,56032,47.940217,-2.285434
Carantec,29660,29023,48.65176241,-3.923494193
Carhaix-plouguer,29270,29024,48.27557053,-3.539572584
Carnac,56340,56034,47.621582,-3.073447
Caro,56140,56035,47.866941,-2.336722
Cast,29150,29025,48.15031019,-4.14528471
Caudan,56850,56036,47.784757,-3.348774
Caulnes,22350,22032,48.32844373,-2.117087738
Cavan,22140,22034,48.66289974,-3.337959874
Cesson-sÉvignÉ,35510,35051,48.11653451,-1.575827917
Chartres-de-bretagne,35131,35066,48.0431334967068,-1.69539899908647
ChasnÉ-sur-illet,35250,35067,48.2430930396079,-1.560318985275
ChÂteaubourg,35220,35068,48.1044908589803,-1.41020880689733
Chateaugiron,35410,35069,48.0502730873843,-1.49922800136314
Chateaulin,29150,29026,48.21589432,-4.050687921
Chateauneuf-du-faou,29520,29027,48.20233433,-3.822061995
Chavagne,35310,35076,48.0772300087276,-1.79409072545584
Cleguerec,56480,56041,48.125051,-3.073162
"Coat Meal",29870,29035,48.50609265,-4.545870784
Combourg,35270,35085,48.4040035454711,-1.75304067563182
Combrit,29120,29037,47.90848155,-4.191780041
Concarneau,29900,29039,47.92190062,-3.901725832
Confort-meilars,29790,29145,48.05100334,-4.426988664
Coray,29370,29041,48.05859023,-3.833272568
Corps-nuds,35150,35088,47.9773812706605,-1.56062840030398
Corseul,22130,22048,48.47933323,-2.15879366
Crach,56950,56046,47.667165,-3.016363
Crevin,35320,35090,47.9374553014561,-1.66636511370342
Crozon,29160,29042,48.24805282,-4.418959835
Daoulas,29460,29043,48.36654658,-4.257678045
Dinard,35800,35093,48.6201650826191,-2.05993700011187
Dol-de-bretagne,35120,35095,48.5495118581635,-1.72571389997891
Domalain,35680,35097,47.9981107006928,-1.23679611672537
Domloup,35410,35099,48.0572010897975,-1.52604110220217
Dourdain,35450,35101,48.1940040578812,-1.36891988446051
Elven,56250,56053,47.724598,-2.585174
ErbrÉe,35500,35105,48.0893385491454,-1.10814497866262
ErcÉ-prÈs-liffrÉ,35340,35107,48.2524607506157,-1.51183166727924
Étrelles,35370,35109,48.0728344155929,-1.19945799515191
GosnÉ,35140,35121,48.244639,48.244639
Gouesnou,29850,29061,48.44688675,-4.461762586
Gourin,56110,56066,48.142491,-3.599405
Goven,35123,35123,48.0239960930731,-1.78222536809566
Grand-fougeray,35390,35124,47.7190667511303,-1.73339499898347
Guer,56380,56075,47.929709,-2.12752
Guichen,35580,35126,47.9741404809188,-1.81483653236647
Guiclan,29410,29068,48.52088518,-3.989414044
Guidel,56520,56078,47.799319,-3.487474
Guignen,35580,35127,47.9211544572429,-1.85380369245236
Guilers,29820,29069,48.4284774,-4.598634806
Guillac,56800,56079,47.93754,-2.499134
Guimiliau,29400,29074,48.487612,-4.000509
Guipavas,29490,29075,48.4172813,-4.43966825
Guipel,35440,35128,48.3109359596511,-1.7183898452883
Guipry-messac,35480,35176,47.8361577552141,-1.90697156369629
Hanvec,29460,29078,48.33213615,-4.155742952
Henvic,29670,29079,48.64531888,-3.947920847
Hillion,22120,22081,48.48046202,-2.645109417
Hirel,35120,35132,48.6064472879447,-1.79802972162714
Huelgoat,29690,29081,48.34839447,-3.750106041
Iffendic,35750,35133,48.091902811892,-1.99768638870184
IrodouËr,35850,35135,48.2499584972596,-1.9509383336427
Janze,35150,35136,47.971483,-1.537484
Josselin,56120,56091,47.958677,-2.553786
Jugon-les-lacs,22270,22084,48.40983213,-2.345367377
Kergloff,29270,29089,48.2874739,-3.612962056
Kernascleden,56540,56264,48.007182,-3.340713
Kervignac,56700,56094,47.759906,-3.286759
"La Bazouge-du-dÉsert",35420,35018,48.4433415962599,-1.10586745516611
"La BouËxiÈre",35340,35031,48.1851967525338,-1.4394966671136
"La Chapelle ErbrÉe",35500,35061,48.1355245063558,-1.0916371179694
"La Chapelle-aux-filtzmeens",35190,35056,48.3828209506634,-1.82882020296592
"La Chapelle-des-fougeretz",35520,35059,48.1750609241553,-1.72646737711183
"La Dominelais",35390,35098,47.7818412442339,-1.69851723527387
"La Feuillee",29690,29054,48.38169577,-3.845220409
"La Fresnaie",35111,35116,48.5884280171626,-1.8449654827428
"La Guerche-de-bretagne",35130,35125,47.9456116631715,-1.25017072657155
"La Motte",22600,22155,48.22553374,-2.755123526
"La Roche-jaudy",22450,22264,48.743626,-3.250262
La-selle-en-coglÈs,35460,35323,48.43729443,-1.341634042
"La Trinite Porhoet",56490,56257,48.096889,-2.535549
"La Truee-croix",56250,56261,47.69582,-2.540475
Laignelet,35133,35138,48.3681294366625,-1.17051590990296
LaillÉ,35890,35139,47.97416793792,-1.69692557108055
Lamballe,22400,22093,48.46780324,-2.54833357
Landaul,56690,56096,47.733121,-3.090235
Landean,35133,35142,48.41211567,-1.153623
Landerneau,29800,29103,48.44449453,-4.269187605
Landevant,56690,56097,47.759757,-3.139936
Landevennec,29560,29104,48.26220635,-4.333813993
Landivisiau,29400,29105,48.51538192,-4.051675766
Lanester,56600,56098,47.777579,-3.343389
Langouet,35630,35146,48.2480027822452,-1.82256251638921
Lannion,22300,22113,48.72429683,-3.430629822
Lanvollon,22290,22121,48.63465909,-2.976688639
Lassy,35580,35149,47.968165700495,-1.86796315620161
"Le Faou",29590,29053,48.29862009,-4.167873871
"Le Ferre",35420,35111,48.49159599,-1.293845397
"Le Folgoet",29260,29055,48.55992862,-4.33850186
"Le Guerno",56190,56077,47.572911,-2.404357
"Le Hezo",56450,56084,47.581918,-2.694201
"Le Quiou",22630,22263,48.3568876092191,-2.00724548541814
"Le Relecq-kerhuon",29480,29235,48.39871002,-4.407923978
"Le Rheu",35650,35240,48.0959200374835,-1.76556013063563
"Le Theil-de-bretagne",35240,35333,47.90948,-1.396523667
"Le Tour-du-parc",56370,56252,47.523953,-2.650718
LÉcousse,35133,35150,48.3512940494858,-1.23311744375032
Lennon,29190,29123,48.20781075,-3.902552406
"Les Moulins",22210,22183,48.18776095,-2.59100542
LiffrÉ,35340,35152,48.2198381691332,-1.49582366618066
Lizio,56460,56112,47.873391,-2.4944
Locmaria-grand-champ,56390,56115,47.760145,-2.848733
Locmine,56500,56117,47.878301,-2.828877
LohÉac,35550,35155,47.8630869857101,-1.88101412766708
Loperhet,29470,29140,48.38286825,-4.307951837
LoudÉac,22600,22136,48.16846279,-2.735771957
LouvignÉ-du-dÉsert,35420,35162,48.4813123,-1.125030626
Loyat,56800,56122,47.975316,-2.379918
"Maen Roch",35460,35257,48.3997816853209,-1.31243028894358
Malansac,56220,56123,47.670036,-2.300409
Martigne-ferchaud,35640,35167,47.8201144600246,-1.32166233409256
Matignon,22550,22143,48.59213544,-2.296072962
Maure-de-bretagne,35330,35168,47.9085381690682,-1.9911113350743
Mauron,56430,56127,48.079882,-2.271058
Maxent,35380,35169,47.9823578974396,-2.03042301192006
Melesse,35520,35173,48.2196439130764,-1.69770433916455
Melgven,29140,29146,47.88913267,-3.800855592
Melle,35420,35174,48.4884238023017,-1.18793889504592
Meneac,56490,56129,48.137281,-2.463628
Milizac,29290,29149,48.46307683,-4.562064728
Miniac-morvan,35540,35179,48.5312607537301,-1.91460933166711
MoËlan-sur-mer,29350,29150,47.81168887,-3.631399288
Montauban-de-bretagne,35360,35184,48.2052820828051,-2.04743866675572
Montreuil-des-landes,35210,35192,48.2477201779127,-1.22416046819579
MouazÉ,35250,35197,48.2095991129775,-1.62444947139616
Moulins,35680,35198,48.0019845301957,-1.37190399623665
"Mur De Bretagne",22530,22158,48.19808245,-2.989523491
Muzillac,56190,56143,47.558568,-2.501261
Nivillac,56130,56147,47.525974,-2.303977
"Noya- Pontivy",56920,56151,48.054378,-2.941609
Noyal-chÂtillon-sur-seiche,35230,35206,48.0390009762016,-1.68343790083127
Noyal-sur-vilaine,35530,35207,48.1110706956896,-1.52818191449501
PacÉ,35590,35210,48.15278333,-1.808701333
Paimpol,22500,22162,48.76188831,-3.041335092
Paimpont,35380,35211,48.0169593833885,-2.16960717226744
Peaule,56130,56153,47.579242,-2.361207
Pipriac,35550,35219,47.8163692467306,-1.91846850286215
PirÉ-sur-seiche,35150,35220,48.0236678586756,-1.39939148093098
Plabennec,29860,29160,48.49801446,-4.430842377
PlancoËt,22130,22172,48.52557987,-2.228547235
Plaudren,56420,56157,47.778011,-2.685105
Pledran,22960,22176,48.46110837,-2.781909681
PlÉlan-le-grand,35380,35223,48.006613918179795,-2.089015602683655
PlÉnÉe-jugon,22640,22185,48.37505553,-2.359683391
PlÉrin,22190,22187,48.54361598,-2.769916279
Pleslin-trigavou,22490,22190,48.5219328338633,-2.04078443071613
Pleugueneuc,35720,35226,48.406461084601,-1.90637866673174
Pleumeleuc,35137,35227,48.174925033869,-1.92140337176171
Pleuven,29170,29161,47.90150893,-4.027307333
Ploemel,56400,56161,47.652358,-3.071279
Ploeren,56880,56164,47.658692,-2.860431
PloËrmel,56800,56165,47.919775,-2.383223
Plogastel-saint-germain,29710,29167,47.99869516,-4.271148516
Plouagat,22170,22206,48.52936003,-2.968602739
Plouasne,22830,22208,48.2997451409182,-2.00705544325251
Plouay,56240,56166,47.909585,-3.332793
Ploubezre,22300,22211,48.663834,-3.444913
Ploudaniel,29260,29179,48.48290276,-4.289608112
PlouÉgat-moysan,29650,29183,48.56735534,-3.605819376
Plouer-sur-rance,22490,22213,48.5359886238677,-2.01332826218556
Plougonvelin,29217,29190,48.34391896,-4.720745248
Plougoumelen,56400,56167,47.668401,-2.897153
Plouguernevel,22110,22220,48.23661464,-3.297438299
Plouguin,29830,29196,48.52494474,-4.602263502
Plouhinec,29780,29197,48.01363072,-4.484518331
Plouhinec,56680,56169,47.706464,-3.220152
Plouigneau,29610,29199,48.57640458,-3.715960142
Plouisy,22200,22223,48.56583954,-3.20665538
Ploumagoar,22200,22225,48.54897762,-3.149353026
Ploumilliau,22300,22226,48.700356,-3.522964
PlounÉvez-moËdec,22810,22228,48.56252705,-3.498991816
PlounÉvÉzel,22340,29205,48.29889905,-3.546483865
PlouzÉvÉdÉ,29440,29213,48.605705,-4.11275
Pluguffan,29700,29216,47.9547808,-4.168375413
Pluneret,56400,56176,47.697269,-2.897984
PocÉ-les-bois,35500,35229,48.0959211355256,-1.22735794174372
Poilley,35420,35230,48.46570067,-1.263926777
Poligne,35320,35231,47.8890792131391,-1.68709046317441
Pont-scorff,56620,56179,47.83366,-3.41245
Pontivy,56300,56178,48.069514,-2.945259
Pordic,22590,22251,48.56116737,-2.81084774
"Port Louis",56290,56181,47.70917,-3.3413
Pouldergat,29100,29224,48.03872684,-4.32923363
QuÉdillac,35290,35234,48.2508596049886,-2.14361754196861
Questembert,56230,56184,47.684666,-2.449324
QuÉven,56530,56185,47.778951,-3.425165
QuÉvert,22100,22259,48.4467500411557,-2.0924504890629
Quimper,29000,29232,48.03075507,-4.08346776
QuimperlÉ,29300,29233,47.86830712,-3.584241427
RannÉe,35130,35235,47.9230106721949,-1.25275514259802
RÉdenÉ,29300,29234,47.85058747,-3.465483954
Redon,35600,35236,47.663149718757,-2.09981583277041
Rennes,35000,35238,48.1542888495786,-1.62572337303651
Retiers,35240,35239,47.8936483567868,-1.36999509703985
Riec-sur-bÉlon,29340,29236,47.8865826,-3.70053248
Rieux,56350,56194,47.6124810100911,-2.14849843469723
Rives-du-couesnon,35140,35293,48.3020184081824,-1.35766633208634
Rohan,56580,56198,48.067572,-2.753222
RomagnÉ,35133,35243,48.3422443323359,-1.2901130011969
Saint-coulomb,35350,35263,48.6749929804221,-1.91419937973604
Saint-jean-sur-vilaine,35220,35283,48.1164137319531,-1.36462170693727
Saint-jouan-de-l'isle,22350,22305,48.2674432323746,-2.15696398349496
Saint-abraham,56460,56202,47.853371,-2.421713
Saint-andre-des-eaux,22630,22274,48.3720837990995,-2.00753540694381
Saint-armel,56450,56205,47.565596,-2.714008
"Saint-aubin Des Landes",35500,35252,48.1087032099211,-1.32097331590942
Saint-aubin-d'aubignÉ,35250,35251,48.2577998825314,-1.60556798366633
Saint-aubin-du-cormier,35140,35253,48.2590837504216,-1.41356166719094
Saint-christophe-des-bois,35210,35260,48.2278251933977,-1.24501513672047
Saint-domineuc,35190,35265,48.3652217538339,-1.87419933248589
Sainte-anne-d'auray,56400,56263,47.703913,-2.955411
Sainte-marie,35600,35294,47.6984567237394,-2.02116022305832
Sainte-sÉve,29600,29265,48.5522446,-3.879252377
Saint-Étienne-en-coglÈs,35460,35267,48.3997816,-1.312430289
Saint-georges-de-grehaigne,35610,35270,48.5643820090891,-1.53660990624367
Saint-georges-de-reintembault,35420,35271,48.5091785216463,-1.24341595995281
Saint-gilles,35590,35275,48.1527835022983,-1.80870133400004
Saint-grÉgoire,35760,35278,48.1573243086521,-1.68842967730149
Saint-jean-la-poterie,56350,56223,47.637373,-2.134009
Saint-jean-la-poterie,56370,56214,47.512268,-2.804453
Saint-juvat,22630,22308,48.3524636276836,-2.04532412561966
Saint-malo,35400,35288,48.6460093875093,-2.00610140539623
Saint-meen-le-grand,35290,35297,48.1890467495114,-2.17094666742155
Saint-nicolas-du-pÉlem,22480,22321,48.30708847,-3.162659448
Saint-nolff,56250,56231,47.695577,-2.633671
Saint-pabu,29830,29257,48.56719854,-4.611350472
Saint-pÉran,35380,35305,48.052762758114,-2.05848088232042
Saint-pÈre,35430,35306,48.5653427535629,-1.92342833858651
Saint-pierre-quiberon,56510,56234,47.513983,-3.134753
Saint-sÉgal,29590,29263,48.2249265,-4.076218395
Saint-symphorien,35630,35317,48.2861508992112,-1.80159382527405
"Saint-thÉgonnec Loc-eguiner",29410,29266,48.52725679,-3.940298016
Saint-thurial,35310,35319,48.0453020051789,-1.9279816304331
Saint-urbain,29800,29270,48.39985286,-4.228609424
Saint-vincent-sur-oust,56350,56239,47.699631,-2.147792
Sarzeau,56370,56240,47.546912,-2.720736
"Sens De Bretagne",35490,35326,48.33123115,-1.527401756
Serent,56460,56244,47.819795,-2.435421
Servon-sur-vilaine,35530,35327,48.1117743941165,-1.4654497106746
Sizun,29450,29277,48.39989711,-4.079011517
Taden,22100,22339,48.4812809675591,-2.04222717172548
Teillay,35620,35332,47.806637088671,-1.53937933250262
Theix-noyalo,56450,56251,47.613627,-2.614355
ThorignÉ-fouillard,35235,35334,48.1407829144053,-1.57978266609838
Thourie,35134,35335,47.8534317542724,-1.47938466661554
TintÉniac,35190,35337,48.3246904140841,-1.85252366550939
TorcÉ,35370,35338,48.0741724162472,-1.27117300600675
Tramain,22640,22341,48.3923125,-2.395596168
TrÉbeurden,22560,22343,48.767037,-3.551272
Treffendel,35380,35340,48.0292110578874,-2.0132269000696
Treffumel,22630,22352,48.3379180532882,-2.02521404230652
TrÉgueux,22950,22360,48.47715316,-2.750257156
TrÉmÉreuc,22490,22368,48.5663382436583,-2.05988842858108
TrÉmuson,22170,22372,48.53073919,-2.859697266
Trimer,35190,35346,48.3407432108368,-1.89299452427182
Uzel,22460,22384,48.28744844,-2.826654417
Vannes,56000,56260,47.670669,-2.789974
VergÉal,35680,35350,48.0362102583358,-1.26399729323663
Vern-sur-seiche,35770,35352,48.044337937779,-1.60558191626882
Vignoc,35630,35356,48.2509743532731,-1.77293423227139
VildÉ-guingalan,22100,22388,48.43858255,-2.144430388
VillamÉe,35420,35357,48.4605459039419,-1.22080977457693
VitrÉ,35500,35360,48.1094985026484,-1.21606233176827
